Rk,G,Date,Tm,Opp,MP,FG,FGA,FG%,3P,3PA,3P%,FT,FTA,FT%,PTS,GmSc,+/-,Season
1,1,2013-10-30,MIL,NYK,4:43,0,0,0.000,0,0,0.000,1,2,50.000,1,-1.2,-3,2013-14
2,2,2013-11-01,MIL,BOS,12:27,2,5,40.000,0,1,0.000,1,2,50.000,5,1.3,11,2013-14
3,3,2013-11-02,MIL,TOR,16:57,1,2,50.000,0,0,0.000,0,2,0.000,2,1.4,6,2013-14
4,4,2013-11-12,MIL,MIA,21:35,4,8,50.000,3,5,60.000,0,0,0.000,11,5.6,-1,2013-14
5,5,2013-11-13,MIL,ORL,19:27,1,2,50.000,0,1,0.000,4,4,100.000,6,7.7,-5,2013-14
6,6,2013-11-15,MIL,IND,11:46,2,2,100.000,1,1,100.000,0,0,0.000,5,3.5,-18,2013-14
7,7,2013-11-16,MIL,OKC,15:10,1,3,33.333,0,1,0.000,0,0,0.000,2,1.9,-5,2013-14
8,8,2013-11-23,MIL,CHARLOTTE BOBCATS,12:00,3,7,42.857,0,0,0.000,0,0,0.000,6,3.8,-1,2013-14
9,9,2013-11-25,MIL,DET,12:00,2,6,33.333,0,0,0.000,2,2,100.000,6,3.4,7,2013-14
10,10,2013-11-29,MIL,CHARLOTTE BOBCATS,13:25,2,3,66.667,0,1,0.000,0,1,0.000,4,4.1,-1,2013-14
11,11,2013-11-30,MIL,BOS,27:45,4,6,66.667,2,3,66.667,0,2,0.000,10,10.6,16,2013-14
12,12,2013-12-03,MIL,BOS,15:26,2,4,50.000,0,0,0.000,0,0,0.000,4,2.3,-11,2013-14
13,13,2013-12-04,MIL,DET,27:39,3,5,60.000,0,2,0.000,0,1,0.000,6,9.8,8,2013-14
14,14,2013-12-06,MIL,WAS,19:35,3,6,50.000,0,2,0.000,0,1,0.000,6,4.2,-3,2013-14
15,15,2013-12-07,MIL,BKN,14:08,1,3,33.333,0,2,0.000,1,2,50.000,3,2.5,-1,2013-14
16,16,2013-12-10,MIL,CHI,9:59,0,1,0.000,0,0,0.000,1,2,50.000,1,-2.1,-8,2013-14
17,17,2013-12-11,MIL,SAS,33:12,5,8,62.500,0,1,0.000,5,8,62.500,15,15.0,-5,2013-14
18,18,2013-12-13,MIL,CHI,23:51,2,4,50.000,0,0,0.000,4,4,100.000,8,10.2,1,2013-14
19,19,2013-12-14,MIL,DAL,34:46,3,9,33.333,0,1,0.000,7,8,87.500,13,13.7,0,2013-14
20,20,2013-12-18,MIL,NYK,41:46,2,3,66.667,0,0,0.000,6,7,85.714,10,9.5,-1,2013-14
21,21,2013-12-20,MIL,CLE,22:59,2,4,50.000,1,2,50.000,1,2,50.000,6,1.7,1,2013-14
22,22,2013-12-21,MIL,PHI,34:44,3,7,42.857,0,0,0.000,6,6,100.000,12,12.7,11,2013-14
23,23,2013-12-23,MIL,CHARLOTTE BOBCATS,35:42,4,8,50.000,2,4,50.000,2,2,100.000,12,11.6,3,2013-14
24,24,2013-12-27,MIL,BKN,33:45,5,12,41.667,1,5,20.000,5,6,83.333,16,13.6,12,2013-14
25,25,2013-12-28,MIL,MIN,31:10,3,6,50.000,0,1,0.000,0,0,0.000,6,9.9,-26,2013-14
26,26,2013-12-31,MIL,LAL,37:30,3,7,42.857,0,0,0.000,2,2,100.000,8,7.7,25,2013-14
27,27,2014-01-02,MIL,UTA,33:39,3,6,50.000,1,2,50.000,3,4,75.000,10,9.7,1,2013-14
28,28,2014-01-04,MIL,PHX,13:34,0,2,0.000,0,0,0.000,0,0,0.000,0,-5.7,-18,2013-14
29,29,2014-01-07,MIL,GSW,24:28,1,3,33.333,0,0,0.000,0,0,0.000,2,5.1,-20,2013-14
30,30,2014-01-10,MIL,CHI,11:42,0,5,0.000,0,1,0.000,0,0,0.000,0,-6.7,-5,2013-14
31,31,2014-01-11,MIL,OKC,38:09,5,12,41.667,0,3,0.000,3,4,75.000,13,13.2,-10,2013-14
32,32,2014-01-13,MIL,TOR,32:59,5,10,50.000,0,1,0.000,1,4,25.000,11,7.6,-13,2013-14
33,33,2014-01-15,MIL,MEM,22:18,2,4,50.000,0,2,0.000,2,2,100.000,6,1.4,6,2013-14
34,34,2014-01-18,MIL,HOU,21:16,4,10,40.000,2,4,50.000,0,0,0.000,10,5.0,-5,2013-14
35,35,2014-01-19,MIL,SAS,30:05,4,10,40.000,3,6,50.000,0,0,0.000,11,5.1,-19,2013-14
36,36,2014-01-22,MIL,DET,25:42,1,3,33.333,0,2,0.000,2,2,100.000,4,5.2,-18,2013-14
37,37,2014-01-24,MIL,CLE,26:23,3,5,60.000,2,3,66.667,2,2,100.000,10,10.2,-1,2013-14
38,38,2014-01-25,MIL,ATL,25:21,2,6,33.333,0,2,0.000,1,2,50.000,5,-1.1,3,2013-14
39,39,2014-01-27,MIL,LAC,37:06,3,7,42.857,0,1,0.000,2,4,50.000,8,6.2,-27,2013-14
40,40,2014-01-29,MIL,PHX,25:08,2,7,28.571,0,0,0.000,2,2,100.000,6,4.7,-16,2013-14
41,41,2014-01-31,MIL,ORL,28:49,4,7,57.143,2,4,50.000,5,9,55.556,15,13.3,-5,2013-14
42,42,2014-02-01,MIL,MEM,20:25,1,3,33.333,1,2,50.000,0,0,0.000,3,0.6,2,2013-14
43,43,2014-02-03,MIL,NYK,28:27,5,9,55.556,0,0,0.000,5,8,62.500,15,11.0,-9,2013-14
44,44,2014-02-05,MIL,DEN,33:08,1,4,25.000,0,1,0.000,3,6,50.000,5,-0.6,-1,2013-14
45,45,2014-02-08,MIL,HOU,24:56,0,8,0.000,0,1,0.000,1,2,50.000,1,-3.2,-10,2013-14
46,46,2014-02-10,MIL,BOS,26:13,1,5,20.000,1,2,50.000,1,2,50.000,4,0.3,-20,2013-14
47,47,2014-02-12,MIL,NOP,20:03,1,3,33.333,0,0,0.000,1,2,50.000,3,1.8,4,2013-14
48,48,2014-02-18,MIL,ORL,26:47,2,3,66.667,1,1,100.000,3,6,50.000,8,13.4,16,2013-14
49,49,2014-02-20,MIL,DEN,32:20,3,7,42.857,1,3,33.333,4,5,80.000,11,15.8,4,2013-14
50,50,2014-02-22,MIL,IND,24:17,2,6,33.333,0,2,0.000,4,4,100.000,8,6.7,2,2013-14
51,51,2014-02-24,MIL,PHI,29:04,5,8,62.500,1,2,50.000,2,2,100.000,13,11.8,12,2013-14
52,52,2014-02-27,MIL,IND,21:19,2,4,50.000,1,1,100.000,0,0,0.000,5,4.6,-4,2013-14
53,53,2014-03-01,MIL,BKN,27:30,3,7,42.857,1,2,50.000,5,9,55.556,12,11.4,-1,2013-14
54,54,2014-03-03,MIL,UTA,26:39,3,9,33.333,1,3,33.333,1,1,100.000,8,6.9,7,2013-14
55,55,2014-03-05,MIL,SAC,17:43,2,5,40.000,1,3,33.333,0,0,0.000,5,3.8,-2,2013-14
56,56,2014-03-07,MIL,NOP,20:25,1,5,20.000,0,3,0.000,0,0,0.000,2,0.8,-13,2013-14
57,57,2014-03-08,MIL,WAS,21:51,1,4,25.000,0,1,0.000,2,2,100.000,4,0.9,-11,2013-14
58,58,2014-03-10,MIL,ORL,27:46,2,4,50.000,1,2,50.000,1,2,50.000,6,4.1,4,2013-14
59,59,2014-03-11,MIL,MIN,22:00,0,5,0.000,0,1,0.000,4,4,100.000,4,2.4,4,2013-14
60,60,2014-03-13,MIL,ATL,25:46,1,4,25.000,1,4,25.000,2,4,50.000,5,7.5,0,2013-14
61,61,2014-03-15,MIL,NYK,26:33,2,5,40.000,1,1,100.000,2,2,100.000,7,7.8,-6,2013-14
62,62,2014-03-16,MIL,CHARLOTTE BOBCATS,21:56,0,4,0.000,0,1,0.000,2,2,100.000,2,1.4,8,2013-14
63,63,2014-03-18,MIL,POR,19:36,2,6,33.333,0,1,0.000,0,0,0.000,4,-0.6,-7,2013-14
64,64,2014-03-20,MIL,GSW,30:30,3,6,50.000,0,2,0.000,5,6,83.333,11,12.4,-4,2013-14
65,65,2014-03-23,MIL,SAC,22:55,3,7,42.857,1,2,50.000,2,2,100.000,9,5.3,-3,2013-14
66,66,2014-03-24,MIL,LAC,28:04,4,4,100.000,0,0,0.000,1,3,33.333,9,8.1,-2,2013-14
67,67,2014-03-27,MIL,LAL,25:14,4,6,66.667,1,1,100.000,1,2,50.000,10,7.4,11,2013-14
68,68,2014-03-29,MIL,MIA,21:40,0,5,0.000,0,1,0.000,1,2,50.000,1,-2.0,-12,2013-14
69,69,2014-03-31,MIL,DET,30:28,4,6,66.667,2,2,100.000,4,5,80.000,14,14.6,15,2013-14
70,70,2014-04-02,MIL,MIA,21:45,2,5,40.000,1,1,100.000,0,0,0.000,5,3.3,-6,2013-14
71,71,2014-04-04,MIL,CHI,32:48,1,6,16.667,0,0,0.000,2,4,50.000,4,3.2,-2,2013-14
72,72,2014-04-05,MIL,TOR,24:49,1,6,16.667,0,1,0.000,2,2,100.000,4,1.8,-4,2013-14
73,73,2014-04-09,MIL,IND,21:19,1,4,25.000,0,1,0.000,0,0,0.000,2,-0.6,-10,2013-14
74,74,2014-04-11,MIL,CLE,19:33,0,3,0.000,0,1,0.000,3,6,50.000,3,2.0,5,2013-14
75,75,2014-04-12,MIL,WAS,43:07,3,5,60.000,1,1,100.000,1,4,25.000,8,8.4,-12,2013-14
76,76,2014-04-14,MIL,TOR,23:32,1,3,33.333,1,1,100.000,2,2,100.000,5,6.2,1,2013-14
77,77,2014-04-16,MIL,ATL,26:15,4,6,66.667,2,3,66.667,0,0,0.000,10,9.1,4,2013-14
1,1,2014-10-29,MIL,CHA,24:00,3,6,50.000,1,1,100.000,3,3,100.000,10,9.5,4,2014-15
2,2,2014-10-31,MIL,PHI,25:53,4,8,50.000,0,0,0.000,0,0,0.000,8,3.1,-9,2014-15
3,3,2014-11-01,MIL,WAS,12:42,2,3,66.667,0,1,0.000,0,1,0.000,4,2.2,-3,2014-15
4,4,2014-11-04,MIL,IND,17:15,4,7,57.143,1,2,50.000,2,2,100.000,11,6.9,5,2014-15
5,5,2014-11-05,MIL,CHI,26:56,6,11,54.545,0,1,0.000,1,2,50.000,13,10.4,7,2014-15
6,6,2014-11-07,MIL,DET,27:10,3,8,37.500,0,0,0.000,3,4,75.000,9,5.4,2,2014-15
7,7,2014-11-08,MIL,MEM,30:03,6,11,54.545,0,1,0.000,6,7,85.714,18,13.8,-5,2014-15
8,8,2014-11-11,MIL,OKC,25:40,6,13,46.154,0,0,0.000,2,4,50.000,14,10.3,10,2014-15
9,9,2014-11-14,MIL,ORL,30:52,9,15,60.000,0,2,0.000,1,1,100.000,19,16.3,-10,2014-15
10,10,2014-11-16,MIL,MIA,32:24,4,8,50.000,0,0,0.000,3,7,42.857,11,5.8,9,2014-15
11,11,2014-11-18,MIL,NYK,17:53,3,6,50.000,0,0,0.000,7,7,100.000,13,10.8,-11,2014-15
12,12,2014-11-19,MIL,BKN,47:55,7,11,63.636,0,1,0.000,4,8,50.000,18,17.7,5,2014-15
13,13,2014-11-21,MIL,TOR,15:02,1,4,25.000,0,0,0.000,5,7,71.429,7,5.0,-9,2014-15
14,14,2014-11-22,MIL,WAS,35:48,6,11,54.545,0,0,0.000,8,8,100.000,20,19.6,-10,2014-15
15,15,2014-11-25,MIL,DET,30:30,1,13,7.692,0,2,0.000,0,0,0.000,2,-6.3,2,2014-15
16,16,2014-11-26,MIL,MIN,26:04,6,12,50.000,0,1,0.000,1,2,50.000,13,10.8,10,2014-15
17,17,2014-11-28,MIL,DET,26:46,3,7,42.857,0,0,0.000,1,3,33.333,7,3.8,-1,2014-15
18,18,2014-11-29,MIL,HOU,34:42,7,12,58.333,0,1,0.000,3,3,100.000,17,15.9,-6,2014-15
19,19,2014-12-02,MIL,CLE,25:23,6,14,42.857,0,0,0.000,2,2,100.000,14,7.7,-6,2014-15
20,20,2014-12-03,MIL,DAL,18:23,1,4,25.000,0,0,0.000,1,2,50.000,3,2.4,0,2014-15
21,21,2014-12-05,MIL,MIA,31:35,3,8,37.500,0,0,0.000,8,11,72.727,14,11.3,10,2014-15
22,22,2014-12-07,MIL,DAL,29:50,8,11,72.727,0,0,0.000,2,3,66.667,18,15.3,-10,2014-15
23,23,2014-12-09,MIL,OKC,26:25,4,11,36.364,1,2,50.000,8,11,72.727,17,12.2,-11,2014-15
24,24,2014-12-13,MIL,LAC,31:20,8,11,72.727,0,0,0.000,4,5,80.000,20,17.0,-12,2014-15
25,25,2014-12-15,MIL,PHX,23:36,2,7,28.571,0,0,0.000,2,3,66.667,6,0.7,-9,2014-15
26,26,2014-12-17,MIL,POR,17:50,4,7,57.143,0,0,0.000,2,2,100.000,10,9.1,-3,2014-15
27,27,2014-12-18,MIL,SAC,36:57,4,5,80.000,0,0,0.000,3,4,75.000,11,10.0,-10,2014-15
28,28,2014-12-20,MIL,LAC,37:42,8,12,66.667,0,1,0.000,2,3,66.667,18,17.5,-12,2014-15
29,29,2014-12-23,MIL,CHA,34:32,3,4,75.000,0,0,0.000,5,6,83.333,11,11.4,-6,2014-15
30,30,2014-12-26,MIL,ATL,29:54,2,10,20.000,0,1,0.000,3,4,75.000,7,3.0,12,2014-15
31,31,2014-12-27,MIL,ATL,19:06,2,5,40.000,0,0,0.000,1,2,50.000,5,0.4,-29,2014-15
32,32,2014-12-29,MIL,CHA,35:08,7,8,87.500,0,0,0.000,2,3,66.667,16,18.3,1,2014-15
33,33,2014-12-31,MIL,CLE,29:41,5,11,45.455,1,3,33.333,3,4,75.000,14,13.5,16,2014-15
34,34,2015-01-02,MIL,IND,32:45,2,8,25.000,0,2,0.000,2,2,100.000,6,1.6,-2,2014-15
35,35,2015-01-04,MIL,NYK,29:40,6,9,66.667,1,1,100.000,3,6,50.000,16,14.7,7,2014-15
36,36,2015-01-06,MIL,PHX,34:12,7,13,53.846,0,2,0.000,2,2,100.000,16,14.4,3,2014-15
37,37,2015-01-07,MIL,PHI,15:21,3,9,33.333,0,0,0.000,1,2,50.000,7,3.8,9,2014-15
38,38,2015-01-09,MIL,MIN,28:44,5,9,55.556,0,0,0.000,0,0,0.000,10,5.0,-1,2014-15
39,39,2015-01-10,MIL,CHI,26:12,2,6,33.333,0,0,0.000,0,1,0.000,4,1.5,0,2014-15
40,40,2015-01-15,MIL,NYK,32:54,6,10,60.000,0,0,0.000,4,5,80.000,16,11.3,13,2014-15
41,41,2015-01-19,MIL,TOR,32:53,3,8,37.500,0,0,0.000,0,0,0.000,6,8.7,3,2014-15
42,42,2015-01-22,MIL,UTA,28:08,5,10,50.000,0,2,0.000,3,3,100.000,13,13.7,1,2014-15
43,43,2015-01-24,MIL,DET,36:17,3,9,33.333,0,0,0.000,0,2,0.000,6,-2.8,-9,2014-15
44,44,2015-01-25,MIL,SAS,33:15,2,5,40.000,0,0,0.000,0,0,0.000,4,5.7,1,2014-15
45,45,2015-01-27,MIL,MIA,39:47,4,6,66.667,0,0,0.000,5,6,83.333,13,12.7,9,2014-15
46,46,2015-01-29,MIL,ORL,33:05,3,7,42.857,0,0,0.000,4,5,80.000,10,12.5,19,2014-15
47,47,2015-01-31,MIL,POR,33:09,3,5,60.000,0,0,0.000,4,4,100.000,10,10.9,6,2014-15
48,48,2015-02-02,MIL,TOR,34:51,4,9,44.444,0,1,0.000,4,8,50.000,12,12.0,14,2014-15
49,49,2015-02-04,MIL,LAL,42:20,10,14,71.429,0,0,0.000,5,5,100.000,25,19.1,10,2014-15
50,50,2015-02-06,MIL,HOU,34:43,11,16,68.750,0,0,0.000,5,6,83.333,27,24.4,-9,2014-15
51,51,2015-02-07,MIL,BOS,37:04,6,10,60.000,0,0,0.000,2,4,50.000,14,14.8,6,2014-15
52,52,2015-02-09,MIL,BKN,31:43,4,9,44.444,0,1,0.000,4,4,100.000,12,16.7,22,2014-15
53,53,2015-02-11,MIL,SAC,35:32,4,9,44.444,0,1,0.000,5,7,71.429,13,9.8,9,2014-15
54,54,2015-02-20,MIL,DEN,30:20,3,13,23.077,0,1,0.000,4,4,100.000,10,2.9,-5,2014-15
55,55,2015-02-22,MIL,ATL,32:03,7,15,46.667,0,0,0.000,5,5,100.000,19,13.9,-6,2014-15
56,56,2015-02-23,MIL,CHI,30:47,3,10,30.000,0,0,0.000,5,6,83.333,11,5.9,-7,2014-15
57,57,2015-02-25,MIL,PHI,36:34,1,6,16.667,0,0,0.000,3,5,60.000,5,6.6,9,2014-15
58,58,2015-02-27,MIL,LAL,36:02,4,12,33.333,0,0,0.000,5,8,62.500,13,8.9,-1,2014-15
59,59,2015-02-28,MIL,UTA,34:29,4,5,80.000,0,1,0.000,0,0,0.000,8,10.3,3,2014-15
60,60,2015-03-03,MIL,DEN,34:54,7,10,70.000,1,1,100.000,4,6,66.667,19,15.6,-6,2014-15
61,61,2015-03-04,MIL,GSW,40:53,6,13,46.154,0,1,0.000,4,4,100.000,16,8.9,-11,2014-15
62,62,2015-03-07,MIL,WAS,36:42,2,10,20.000,0,0,0.000,1,4,25.000,5,-2.5,8,2014-15
63,63,2015-03-09,MIL,NOP,37:28,11,16,68.750,0,1,0.000,7,7,100.000,29,29.6,-1,2014-15
64,64,2015-03-11,MIL,ORL,30:06,4,9,44.444,1,2,50.000,2,4,50.000,11,8.0,7,2014-15
65,65,2015-03-12,MIL,IND,34:48,4,14,28.571,0,1,0.000,4,6,66.667,12,4.6,7,2014-15
66,66,2015-03-14,MIL,MEM,39:17,7,10,70.000,0,1,0.000,5,6,83.333,19,14.8,-15,2014-15
67,67,2015-03-17,MIL,NOP,35:49,6,9,66.667,0,0,0.000,3,3,100.000,15,18.0,-6,2014-15
68,68,2015-03-18,MIL,SAS,37:06,8,16,50.000,0,0,0.000,3,3,100.000,19,15.6,-2,2014-15
69,69,2015-03-20,MIL,BKN,53:02,7,19,36.842,0,0,0.000,9,12,75.000,23,15.0,-11,2014-15
70,70,2015-03-22,MIL,CLE,35:08,5,11,45.455,0,0,0.000,5,6,83.333,15,13.4,-15,2014-15
71,71,2015-03-24,MIL,MIA,39:11,6,10,60.000,0,0,0.000,4,4,100.000,16,10.7,8,2014-15
72,72,2015-03-26,MIL,IND,43:02,7,10,70.000,0,1,0.000,2,4,50.000,16,12.5,13,2014-15
73,73,2015-03-28,MIL,GSW,29:59,4,6,66.667,0,0,0.000,4,6,66.667,12,8.4,-12,2014-15
74,74,2015-03-30,MIL,ATL,38:03,7,9,77.778,0,0,0.000,4,4,100.000,18,17.7,-15,2014-15
75,75,2015-04-01,MIL,CHI,27:54,4,9,44.444,0,0,0.000,3,4,75.000,11,5.9,-4,2014-15
76,76,2015-04-03,MIL,BOS,27:16,5,8,62.500,0,0,0.000,1,2,50.000,11,5.0,2,2014-15
77,77,2015-04-04,MIL,ORL,27:53,3,12,25.000,0,0,0.000,2,2,100.000,8,-1.6,-18,2014-15
78,78,2015-04-10,MIL,NYK,31:17,7,14,50.000,0,1,0.000,9,11,81.818,23,16.5,34,2014-15
79,79,2015-04-12,MIL,BKN,30:28,6,14,42.857,0,2,0.000,1,3,33.333,13,13.3,16,2014-15
80,80,2015-04-13,MIL,PHI,34:03,3,9,33.333,0,0,0.000,6,10,60.000,12,6.9,-3,2014-15
81,81,2015-04-15,MIL,BOS,28:31,1,6,16.667,0,1,0.000,1,2,50.000,3,0.5,5,2014-15
1,1,2015-10-30,MIL,WAS,34:09,9,15,60.000,1,3,33.333,8,10,80.000,27,19.2,-10,2015-16
2,2,2015-11-01,MIL,TOR,32:41,8,12,66.667,1,1,100.000,3,3,100.000,20,19.2,-7,2015-16
3,3,2015-11-02,MIL,BKN,42:12,8,16,50.000,1,3,33.333,4,5,80.000,21,14.1,2,2015-16
4,4,2015-11-04,MIL,PHI,40:32,7,11,63.636,1,1,100.000,2,3,66.667,17,13.2,0,2015-16
5,5,2015-11-06,MIL,NYK,35:39,7,13,53.846,0,0,0.000,6,6,100.000,20,17.0,7,2015-16
6,6,2015-11-07,MIL,BKN,37:02,4,8,50.000,1,3,33.333,2,2,100.000,11,8.0,11,2015-16
7,7,2015-11-10,MIL,BOS,24:07,6,13,46.154,1,3,33.333,3,3,100.000,16,6.2,-4,2015-16
8,8,2015-11-11,MIL,DEN,29:08,6,12,50.000,0,3,0.000,0,0,0.000,12,8.4,-26,2015-16
9,9,2015-11-14,MIL,CLE,44:31,6,18,33.333,0,2,0.000,4,5,80.000,16,8.7,1,2015-16
10,10,2015-11-17,MIL,WAS,34:59,3,13,23.077,0,0,0.000,3,6,50.000,9,2.8,-17,2015-16
11,11,2015-11-19,MIL,CLE,39:45,12,15,80.000,1,2,50.000,8,8,100.000,33,31.8,-14,2015-16
12,12,2015-11-21,MIL,IND,29:06,3,8,37.500,0,0,0.000,3,4,75.000,9,6.3,-26,2015-16
13,13,2015-11-23,MIL,DET,26:48,6,10,60.000,1,1,100.000,4,4,100.000,17,15.3,10,2015-16
14,14,2015-11-25,MIL,SAC,30:19,7,13,53.846,1,3,33.333,6,7,85.714,21,17.0,-2,2015-16
15,15,2015-11-27,MIL,ORL,31:36,7,10,70.000,0,1,0.000,3,3,100.000,17,14.2,-18,2015-16
16,16,2015-11-29,MIL,CHA,30:58,4,5,80.000,0,0,0.000,0,0,0.000,8,10.6,7,2015-16
17,17,2015-11-30,MIL,DEN,19:51,3,10,30.000,0,2,0.000,3,4,75.000,9,2.9,4,2015-16
18,18,2015-12-02,MIL,SAS,25:40,2,8,25.000,0,1,0.000,3,4,75.000,7,3.4,-13,2015-16
19,19,2015-12-04,MIL,DET,33:40,5,11,45.455,0,0,0.000,2,2,100.000,12,5.5,-10,2015-16
20,20,2015-12-05,MIL,NYK,34:40,6,15,40.000,0,1,0.000,5,6,83.333,17,14.1,18,2015-16
21,21,2015-12-07,MIL,POR,30:39,5,10,50.000,0,0,0.000,7,8,87.500,17,15.2,6,2015-16
22,22,2015-12-09,MIL,LAC,28:23,5,11,45.455,0,2,0.000,5,6,83.333,15,9.1,-19,2015-16
23,23,2015-12-11,MIL,TOR,42:49,7,12,58.333,0,1,0.000,1,2,50.000,15,11.5,-5,2015-16
24,24,2015-12-12,MIL,GSW,42:58,4,10,40.000,1,2,50.000,2,3,66.667,11,12.0,3,2015-16
25,25,2015-12-15,MIL,LAL,35:28,6,11,54.545,0,1,0.000,3,4,75.000,15,12.8,-19,2015-16
26,26,2015-12-16,MIL,LAC,33:52,4,12,33.333,1,1,100.000,0,0,0.000,9,3.1,-9,2015-16
27,27,2015-12-18,MIL,GSW,36:21,9,17,52.941,0,0,0.000,2,3,66.667,20,12.4,-11,2015-16
28,28,2015-12-23,MIL,PHI,33:23,11,13,84.615,0,0,0.000,0,0,0.000,22,23.6,16,2015-16
29,29,2015-12-26,MIL,TOR,34:48,2,5,40.000,0,2,0.000,0,0,0.000,4,1.5,-20,2015-16
30,30,2015-12-28,MIL,DAL,28:08,4,10,40.000,0,1,0.000,3,4,75.000,11,6.7,-22,2015-16
31,31,2015-12-29,MIL,OKC,40:07,11,19,57.895,0,0,0.000,5,7,71.429,27,18.7,-14,2015-16
32,32,2015-12-31,MIL,IND,37:20,4,11,36.364,0,2,0.000,6,10,60.000,14,11.1,-5,2015-16
33,33,2016-01-02,MIL,MIN,30:18,3,9,33.333,1,2,50.000,4,4,100.000,11,7.2,19,2015-16
34,34,2016-01-04,MIL,SAS,29:35,5,9,55.556,0,2,0.000,1,2,50.000,11,8.6,-6,2015-16
35,35,2016-01-05,MIL,CHI,36:18,8,17,47.059,0,2,0.000,2,5,40.000,18,15.9,-1,2015-16
36,36,2016-01-08,MIL,DAL,32:56,2,8,25.000,0,0,0.000,1,4,25.000,5,-1.7,-1,2015-16
37,37,2016-01-10,MIL,NYK,35:38,3,9,33.333,0,4,0.000,2,4,50.000,8,5.8,7,2015-16
38,38,2016-01-12,MIL,CHI,31:18,10,14,71.429,0,1,0.000,9,14,64.286,29,29.0,19,2015-16
39,39,2016-01-13,MIL,WAS,40:41,6,11,54.545,0,1,0.000,7,9,77.778,19,15.9,-1,2015-16
40,40,2016-01-15,MIL,ATL,50:03,10,18,55.556,1,2,50.000,7,9,77.778,28,24.3,5,2015-16
41,41,2016-01-16,MIL,CHA,36:42,4,10,40.000,0,1,0.000,6,6,100.000,14,12.7,21,2015-16
42,42,2016-01-19,MIL,MIA,33:42,5,10,50.000,0,0,0.000,4,4,100.000,14,9.3,18,2015-16
43,43,2016-01-22,MIL,HOU,33:30,7,12,58.333,0,0,0.000,4,4,100.000,18,14.5,-5,2015-16
44,44,2016-01-23,MIL,NOP,28:25,4,8,50.000,0,0,0.000,2,4,50.000,10,3.7,-4,2015-16
45,45,2016-01-26,MIL,ORL,38:18,12,16,75.000,0,0,0.000,1,1,100.000,25,23.8,18,2015-16
46,46,2016-01-28,MIL,MEM,35:28,2,10,20.000,0,0,0.000,3,4,75.000,7,1.8,-19,2015-16
47,47,2016-01-29,MIL,MIA,46:13,11,17,64.706,0,2,0.000,6,7,85.714,28,22.3,6,2015-16
48,48,2016-02-01,MIL,SAC,35:09,6,12,50.000,0,1,0.000,5,7,71.429,17,10.8,-12,2015-16
49,49,2016-02-02,MIL,POR,38:46,7,15,46.667,1,2,50.000,4,9,44.444,19,15.9,-12,2015-16
50,50,2016-02-05,MIL,UTA,33:03,4,8,50.000,1,2,50.000,5,8,62.500,14,8.5,-7,2015-16
51,51,2016-02-09,MIL,BOS,36:50,6,12,50.000,0,1,0.000,2,2,100.000,14,14.0,0,2015-16
52,52,2016-02-11,MIL,WAS,36:46,6,16,37.500,1,2,50.000,4,5,80.000,17,13.7,-4,2015-16
53,53,2016-02-19,MIL,CHA,38:33,7,17,41.176,0,1,0.000,4,6,66.667,18,14.2,1,2015-16
54,54,2016-02-20,MIL,ATL,38:00,8,17,47.059,0,1,0.000,3,4,75.000,19,10.4,2,2015-16
55,55,2016-02-22,MIL,LAL,41:44,12,17,70.588,0,1,0.000,3,6,50.000,27,33.7,13,2015-16
56,56,2016-02-25,MIL,BOS,31:06,6,12,50.000,0,0,0.000,2,5,40.000,14,15.2,-14,2015-16
57,57,2016-02-27,MIL,DET,37:30,3,11,27.273,0,0,0.000,2,2,100.000,8,6.2,-10,2015-16
58,58,2016-02-29,MIL,HOU,42:22,7,13,53.846,0,1,0.000,4,11,36.364,18,20.2,13,2015-16
59,59,2016-03-02,MIL,IND,41:27,7,16,43.750,0,0,0.000,8,8,100.000,22,16.4,-6,2015-16
60,60,2016-03-04,MIL,MIN,35:01,9,17,52.941,0,0,0.000,9,10,90.000,27,29.8,24,2015-16
61,61,2016-03-06,MIL,OKC,42:26,8,20,40.000,0,2,0.000,10,11,90.909,26,28.8,-9,2015-16
62,62,2016-03-07,MIL,CHI,36:46,5,13,38.462,0,1,0.000,2,2,100.000,12,13.7,-18,2015-16
63,63,2016-03-09,MIL,MIA,37:20,9,15,60.000,0,0,0.000,6,10,60.000,24,21.0,5,2015-16
64,64,2016-03-12,MIL,NOP,37:00,6,15,40.000,0,0,0.000,6,10,60.000,18,7.8,11,2015-16
65,65,2016-03-13,MIL,BKN,40:39,12,16,75.000,0,0,0.000,4,11,36.364,28,35.1,19,2015-16
66,66,2016-03-15,MIL,TOR,35:07,6,12,50.000,0,1,0.000,6,11,54.545,18,20.2,-5,2015-16
67,67,2016-03-17,MIL,MEM,29:53,6,9,66.667,0,1,0.000,3,4,75.000,15,20.3,-1,2015-16
68,68,2016-03-20,MIL,UTA,29:17,5,10,50.000,0,1,0.000,2,2,100.000,12,13.8,-5,2015-16
69,69,2016-03-21,MIL,DET,36:46,10,17,58.824,1,3,33.333,0,0,0.000,21,21.6,8,2015-16
70,70,2016-03-23,MIL,CLE,39:17,11,19,57.895,0,3,0.000,2,2,100.000,24,19.0,-6,2015-16
71,71,2016-03-25,MIL,ATL,39:34,5,14,35.714,0,1,0.000,1,2,50.000,11,7.6,-2,2015-16
72,72,2016-03-26,MIL,CHA,26:11,3,9,33.333,0,2,0.000,2,2,100.000,8,5.3,-22,2015-16
73,73,2016-03-30,MIL,PHX,31:52,3,5,60.000,1,1,100.000,3,8,37.500,10,8.3,19,2015-16
74,74,2016-04-01,MIL,ORL,39:07,5,13,38.462,0,1,0.000,8,11,72.727,18,21.2,8,2015-16
75,75,2016-04-03,MIL,CHI,42:55,14,22,63.636,1,1,100.000,5,7,71.429,34,27.3,4,2015-16
76,76,2016-04-05,MIL,CLE,39:17,10,18,55.556,2,4,50.000,0,0,0.000,22,21.2,-25,2015-16
77,77,2016-04-08,MIL,BOS,26:35,8,12,66.667,4,5,80.000,7,8,87.500,27,23.1,-10,2015-16
78,78,2016-04-10,MIL,PHI,40:23,4,15,26.667,1,4,25.000,5,6,83.333,14,16.2,-2,2015-16
79,79,2016-04-11,MIL,ORL,36:52,5,7,71.429,1,2,50.000,0,2,0.000,11,9.0,-14,2015-16
80,80,2016-04-13,MIL,IND,29:06,7,14,50.000,1,5,20.000,4,4,100.000,19,14.9,-1,2015-16
1,1,2016-10-26,MIL,CHA,38:44,13,21,61.905,1,2,50.000,4,6,66.667,31,26.0,-5,2016-17
2,2,2016-10-29,MIL,BKN,35:29,10,18,55.556,0,1,0.000,1,1,100.000,21,16.5,16,2016-17
3,3,2016-10-30,MIL,DET,35:13,5,16,31.250,1,3,33.333,6,6,100.000,17,15.9,-11,2016-17
4,4,2016-11-01,MIL,NOP,33:50,10,19,52.632,1,6,16.667,3,4,75.000,24,21.5,10,2016-17
5,5,2016-11-03,MIL,IND,33:58,11,18,61.111,0,2,0.000,5,7,71.429,27,26.2,20,2016-17
6,6,2016-11-05,MIL,SAC,25:03,5,9,55.556,0,1,0.000,7,8,87.500,17,21.0,25,2016-17
7,7,2016-11-06,MIL,DAL,26:11,4,12,33.333,1,5,20.000,2,4,50.000,11,5.1,-12,2016-17
8,8,2016-11-10,MIL,NOP,34:31,7,16,43.750,0,0,0.000,3,4,75.000,17,10.9,-13,2016-17
9,9,2016-11-12,MIL,MEM,37:32,9,13,69.231,0,1,0.000,9,13,69.231,27,25.0,3,2016-17
10,10,2016-11-16,MIL,ATL,40:16,11,22,50.000,0,2,0.000,4,6,66.667,26,22.0,4,2016-17
11,11,2016-11-17,MIL,MIA,35:18,5,15,33.333,0,2,0.000,4,5,80.000,14,10.6,-20,2016-17
12,12,2016-11-19,MIL,GSW,40:43,10,23,43.478,1,3,33.333,9,11,81.818,30,19.2,-4,2016-17
13,13,2016-11-21,MIL,ORL,38:50,6,13,46.154,0,2,0.000,9,9,100.000,21,26.9,14,2016-17
14,14,2016-11-25,MIL,TOR,35:05,12,17,70.588,0,1,0.000,5,6,83.333,29,26.4,-3,2016-17
15,15,2016-11-27,MIL,ORL,30:44,7,11,63.636,1,1,100.000,3,4,75.000,18,14.1,9,2016-17
16,16,2016-11-29,MIL,CLE,34:30,13,19,68.421,1,2,50.000,7,10,70.000,34,31.0,20,2016-17
17,17,2016-12-01,MIL,BKN,29:43,7,14,50.000,2,5,40.000,7,9,77.778,23,27.8,14,2016-17
18,18,2016-12-03,MIL,BKN,34:45,5,9,55.556,1,3,33.333,5,8,62.500,16,19.0,13,2016-17
19,19,2016-12-05,MIL,SAS,29:00,6,12,50.000,1,1,100.000,9,10,90.000,22,19.8,-3,2016-17
20,20,2016-12-07,MIL,POR,39:37,4,11,36.364,0,3,0.000,7,10,70.000,15,20.4,-3,2016-17
21,21,2016-12-09,MIL,ATL,23:37,5,12,41.667,1,4,25.000,3,4,75.000,14,2.4,-1,2016-17
22,22,2016-12-10,MIL,WAS,41:22,11,18,61.111,1,2,50.000,5,7,71.429,28,20.8,1,2016-17
23,23,2016-12-12,MIL,TOR,38:58,13,23,56.522,0,3,0.000,4,6,66.667,30,27.9,-11,2016-17
24,24,2016-12-15,MIL,CHI,39:03,13,27,48.148,2,4,50.000,2,2,100.000,30,23.9,15,2016-17
25,25,2016-12-16,MIL,CHI,34:59,8,13,61.538,2,3,66.667,4,6,66.667,22,29.2,29,2016-17
26,26,2016-12-20,MIL,CLE,43:48,5,13,38.462,2,3,66.667,13,15,86.667,25,22.9,3,2016-17
27,27,2016-12-21,MIL,CLE,31:30,7,13,53.846,1,4,25.000,13,14,92.857,28,28.0,-12,2016-17
28,28,2016-12-23,MIL,WAS,32:40,12,19,63.158,0,1,0.000,15,17,88.235,39,38.0,25,2016-17
29,29,2016-12-26,MIL,WAS,38:08,7,13,53.846,0,1,0.000,8,11,72.727,22,23.2,-3,2016-17
30,30,2016-12-28,MIL,DET,34:42,8,18,44.444,1,3,33.333,6,7,85.714,23,20.9,17,2016-17
31,31,2016-12-30,MIL,MIN,32:00,11,14,78.571,0,0,0.000,3,4,75.000,25,22.8,-18,2016-17
32,32,2016-12-31,MIL,CHI,40:34,13,19,68.421,1,1,100.000,8,11,72.727,35,37.3,16,2016-17
33,33,2017-01-02,MIL,OKC,41:13,10,19,52.632,1,3,33.333,5,10,50.000,26,22.7,8,2016-17
34,34,2017-01-04,MIL,NYK,38:33,10,18,55.556,1,4,25.000,6,7,85.714,27,24.4,-11,2016-17
35,35,2017-01-06,MIL,NYK,38:10,9,21,42.857,2,5,40.000,5,6,83.333,25,16.8,-2,2016-17
36,36,2017-01-10,MIL,SAS,9:10,0,3,0.000,0,1,0.000,0,0,0.000,0,-0.8,-15,2016-17
37,37,2017-01-13,MIL,MIA,36:28,8,12,66.667,0,0,0.000,3,4,75.000,19,18.3,3,2016-17
38,38,2017-01-15,MIL,ATL,39:47,13,22,59.091,0,2,0.000,7,7,100.000,33,29.6,-9,2016-17
39,39,2017-01-16,MIL,PHI,28:52,10,19,52.632,0,1,0.000,3,5,60.000,23,15.6,0,2016-17
40,40,2017-01-18,MIL,HOU,37:01,13,20,65.000,1,4,25.000,5,6,83.333,32,28.6,-11,2016-17
41,41,2017-01-20,MIL,ORL,35:42,6,17,35.294,1,4,25.000,4,4,100.000,17,11.3,-9,2016-17
42,42,2017-01-21,MIL,MIA,37:56,8,20,40.000,2,5,40.000,6,8,75.000,24,18.3,-7,2016-17
43,43,2017-01-23,MIL,HOU,36:28,11,17,64.706,2,3,66.667,7,8,87.500,31,26.1,12,2016-17
44,44,2017-01-25,MIL,PHI,39:26,7,19,36.842,0,7,0.000,3,3,100.000,17,18.0,-15,2016-17
45,45,2017-01-27,MIL,TOR,33:13,7,15,46.667,0,0,0.000,5,8,62.500,19,15.6,-8,2016-17
46,46,2017-01-28,MIL,BOS,45:05,8,16,50.000,2,3,66.667,3,4,75.000,21,16.8,1,2016-17
47,47,2017-02-01,MIL,UTA,38:46,2,10,20.000,0,2,0.000,5,6,83.333,9,4.6,-20,2016-17
48,48,2017-02-03,MIL,DEN,34:58,9,13,69.231,1,3,33.333,4,4,100.000,23,19.8,-12,2016-17
49,49,2017-02-04,MIL,PHX,33:52,12,20,60.000,0,3,0.000,6,9,66.667,30,25.4,34,2016-17
50,50,2017-02-08,MIL,MIA,36:08,9,15,60.000,2,3,66.667,2,2,100.000,22,17.3,-18,2016-17
51,51,2017-02-10,MIL,LAL,41:33,11,20,55.000,1,6,16.667,18,21,85.714,41,35.1,-8,2016-17
52,52,2017-02-11,MIL,IND,34:21,4,9,44.444,0,1,0.000,12,14,85.714,20,23.1,12,2016-17
53,53,2017-02-13,MIL,DET,36:44,2,9,22.222,0,2,0.000,4,4,100.000,8,7.8,8,2016-17
54,54,2017-02-15,MIL,BKN,39:53,13,25,52.000,0,1,0.000,7,10,70.000,33,29.0,7,2016-17
55,55,2017-02-24,MIL,UTA,34:27,10,16,62.500,2,4,50.000,11,15,73.333,33,28.6,-4,2016-17
56,56,2017-02-26,MIL,PHX,35:38,11,13,84.615,0,0,0.000,6,7,85.714,28,27.1,5,2016-17
57,57,2017-02-27,MIL,CLE,42:15,4,13,30.769,0,2,0.000,1,4,25.000,9,4.5,-12,2016-17
58,58,2017-03-01,MIL,DEN,34:02,5,13,38.462,0,1,0.000,5,6,83.333,15,8.7,-7,2016-17
59,59,2017-03-03,MIL,LAC,31:27,10,13,76.923,0,0,0.000,4,5,80.000,24,26.4,12,2016-17
60,60,2017-03-04,MIL,TOR,35:16,8,13,61.538,0,0,0.000,5,6,83.333,21,20.2,-8,2016-17
61,61,2017-03-06,MIL,PHI,34:53,7,13,53.846,1,2,50.000,9,12,75.000,24,26.5,14,2016-17
62,62,2017-03-08,MIL,NYK,41:11,11,21,52.381,0,1,0.000,10,13,76.923,32,35.3,10,2016-17
63,63,2017-03-10,MIL,IND,39:22,7,13,53.846,1,3,33.333,6,6,100.000,21,19.1,13,2016-17
64,64,2017-03-11,MIL,MIN,40:01,6,15,40.000,0,1,0.000,6,7,85.714,18,13.0,1,2016-17
65,65,2017-03-13,MIL,MEM,27:58,6,14,42.857,1,4,25.000,5,7,71.429,18,11.9,-7,2016-17
66,66,2017-03-15,MIL,LAC,27:46,5,10,50.000,0,0,0.000,6,9,66.667,16,11.9,-9,2016-17
67,67,2017-03-17,MIL,LAL,34:36,11,16,68.750,1,1,100.000,3,6,50.000,26,19.0,-5,2016-17
68,68,2017-03-18,MIL,GSW,30:33,4,14,28.571,0,1,0.000,1,2,50.000,9,5.1,-25,2016-17
69,69,2017-03-21,MIL,POR,35:59,8,21,38.095,0,1,0.000,6,7,85.714,22,13.8,5,2016-17
70,70,2017-03-22,MIL,SAC,40:03,12,22,54.545,1,2,50.000,7,10,70.000,32,31.0,20,2016-17
71,71,2017-03-24,MIL,ATL,35:46,13,22,59.091,1,3,33.333,7,9,77.778,34,34.3,-4,2016-17
72,72,2017-03-26,MIL,CHI,37:17,8,14,57.143,0,2,0.000,6,10,60.000,22,15.6,-17,2016-17
73,73,2017-03-28,MIL,CHA,39:06,8,13,61.538,1,1,100.000,3,4,75.000,20,16.4,1,2016-17
74,74,2017-03-29,MIL,BOS,33:20,8,17,47.059,2,4,50.000,4,7,57.143,22,21.2,-7,2016-17
75,75,2017-03-31,MIL,DET,44:44,7,16,43.750,0,1,0.000,14,21,66.667,28,25.3,9,2016-17
76,76,2017-04-02,MIL,DAL,39:32,10,18,55.556,0,3,0.000,11,12,91.667,31,32.8,-2,2016-17
77,77,2017-04-04,MIL,OKC,24:26,3,10,30.000,0,1,0.000,5,8,62.500,11,8.7,-24,2016-17
78,78,2017-04-06,MIL,IND,35:17,7,14,50.000,0,1,0.000,11,13,84.615,25,21.2,-17,2016-17
79,79,2017-04-08,MIL,PHI,40:17,7,15,46.667,0,3,0.000,6,11,54.545,20,16.7,6,2016-17
80,80,2017-04-10,MIL,CHA,36:27,5,11,45.455,0,0,0.000,0,0,0.000,10,11.3,23,2016-17
1,1,2017-10-18,MIL,BOS,36:56,13,22,59.091,0,1,0.000,11,13,84.615,37,28.8,7,2017-18
2,2,2017-10-20,MIL,CLE,38:32,15,22,68.182,0,1,0.000,4,6,66.667,34,33.5,-17,2017-18
3,3,2017-10-21,MIL,POR,39:20,17,23,73.913,1,4,25.000,9,13,69.231,44,39.3,3,2017-18
4,4,2017-10-23,MIL,CHA,39:18,13,21,61.905,0,0,0.000,6,8,75.000,32,25.3,7,2017-18
5,5,2017-10-26,MIL,BOS,41:35,10,21,47.619,2,3,66.667,6,7,85.714,28,24.3,-8,2017-18
6,6,2017-10-29,MIL,ATL,38:19,14,21,66.667,1,3,33.333,4,6,66.667,33,28.4,8,2017-18
7,7,2017-10-31,MIL,OKC,27:49,9,14,64.286,2,3,66.667,8,9,88.889,28,21.8,-15,2017-18
8,8,2017-11-01,MIL,CHA,31:57,5,16,31.250,0,2,0.000,4,4,100.000,14,11.0,14,2017-18
9,9,2017-11-03,MIL,DET,38:03,13,27,48.148,1,4,25.000,2,2,100.000,29,19.0,9,2017-18
10,10,2017-11-07,MIL,CLE,40:14,16,21,76.190,0,0,0.000,8,11,72.727,40,29.6,-7,2017-18
11,11,2017-11-10,MIL,SAS,35:41,12,24,50.000,0,1,0.000,4,8,50.000,28,24.3,13,2017-18
12,12,2017-11-11,MIL,LAL,40:05,12,19,63.158,0,1,0.000,9,11,81.818,33,29.0,13,2017-18
13,13,2017-11-13,MIL,MEM,43:49,10,22,45.455,0,1,0.000,7,9,77.778,27,24.2,6,2017-18
14,14,2017-11-15,MIL,DET,34:55,8,16,50.000,0,1,0.000,5,6,83.333,21,16.7,16,2017-18
15,15,2017-11-18,MIL,DAL,39:43,7,20,35.000,1,2,50.000,9,13,69.231,24,17.7,-18,2017-18
16,16,2017-11-20,MIL,WAS,39:10,8,21,38.095,0,3,0.000,7,9,77.778,23,17.2,-12,2017-18
17,17,2017-11-25,MIL,UTA,38:57,10,18,55.556,0,1,0.000,7,9,77.778,27,22.0,-13,2017-18
18,18,2017-11-28,MIL,SAC,26:15,11,16,68.750,1,1,100.000,9,13,69.231,32,30.7,26,2017-18
19,19,2017-11-30,MIL,POR,36:34,7,20,35.000,0,1,0.000,6,8,75.000,20,18.5,21,2017-18
20,20,2017-12-02,MIL,SAC,33:57,8,15,53.333,0,2,0.000,17,22,77.273,33,33.2,7,2017-18
21,21,2017-12-04,MIL,BOS,39:06,14,24,58.333,0,1,0.000,12,14,85.714,40,27.9,-11,2017-18
22,22,2017-12-06,MIL,DET,37:44,8,16,50.000,1,3,33.333,8,12,66.667,25,17.9,4,2017-18
23,23,2017-12-08,MIL,DAL,43:05,8,19,42.105,0,0,0.000,11,12,91.667,27,20.1,18,2017-18
24,24,2017-12-09,MIL,UTA,39:25,14,22,63.636,1,1,100.000,8,9,88.889,37,35.2,17,2017-18
25,25,2017-12-13,MIL,NOP,41:42,13,24,54.167,1,2,50.000,5,8,62.500,32,30.0,-7,2017-18
26,26,2017-12-15,MIL,CHI,39:43,11,18,61.111,1,3,33.333,6,9,66.667,29,28.5,1,2017-18
27,27,2017-12-16,MIL,HOU,42:19,10,22,45.455,0,3,0.000,8,10,80.000,28,23.0,-5,2017-18
28,28,2017-12-19,MIL,CLE,40:05,8,14,57.143,0,0,0.000,11,12,91.667,27,28.5,3,2017-18
29,29,2017-12-22,MIL,CHA,36:30,9,20,45.000,1,3,33.333,7,8,87.500,26,21.0,20,2017-18
30,30,2017-12-26,MIL,CHI,36:44,11,17,64.706,1,4,25.000,5,6,83.333,28,21.9,2,2017-18
31,31,2017-12-28,MIL,MIN,40:24,11,20,55.000,0,1,0.000,0,0,0.000,22,13.9,9,2017-18
32,32,2017-12-29,MIL,OKC,39:49,10,16,62.500,0,0,0.000,3,4,75.000,23,22.3,1,2017-18
33,33,2018-01-01,MIL,TOR,41:34,9,18,50.000,1,3,33.333,7,9,77.778,26,23.0,-6,2017-18
34,34,2018-01-03,MIL,IND,29:09,12,18,66.667,0,1,0.000,7,8,87.500,31,30.2,15,2017-18
35,35,2018-01-05,MIL,TOR,33:31,9,14,64.286,0,0,0.000,6,9,66.667,24,21.6,-16,2017-18
36,36,2018-01-06,MIL,WAS,40:51,12,17,70.588,1,1,100.000,9,10,90.000,34,33.5,14,2017-18
37,37,2018-01-08,MIL,IND,32:14,3,8,37.500,0,1,0.000,11,14,78.571,17,14.3,-19,2017-18
38,38,2018-01-10,MIL,ORL,33:35,10,15,66.667,0,0,0.000,6,10,60.000,26,19.8,22,2017-18
39,39,2018-01-12,MIL,GSW,35:33,10,19,52.632,0,3,0.000,3,3,100.000,23,15.1,-15,2017-18
40,40,2018-01-14,MIL,MIA,30:37,6,12,50.000,0,0,0.000,10,10,100.000,22,16.3,-20,2017-18
41,41,2018-01-15,MIL,WAS,38:56,9,23,39.130,0,0,0.000,9,15,60.000,27,21.9,16,2017-18
42,42,2018-01-17,MIL,MIA,38:22,6,15,40.000,2,3,66.667,8,15,53.333,22,20.3,-9,2017-18
43,43,2018-01-26,MIL,BKN,32:54,14,20,70.000,3,3,100.000,10,11,90.909,41,43.4,19,2017-18
44,44,2018-01-28,MIL,CHI,34:36,11,19,57.895,0,0,0.000,5,10,50.000,27,22.5,8,2017-18
45,45,2018-01-29,MIL,PHI,35:33,10,22,45.455,1,5,20.000,10,10,100.000,31,25.5,15,2017-18
46,46,2018-02-01,MIL,MIN,35:33,6,14,42.857,0,1,0.000,5,9,55.556,17,11.0,-5,2017-18
47,47,2018-02-02,MIL,NYK,37:17,10,21,47.619,1,3,33.333,8,12,66.667,29,23.0,3,2017-18
48,48,2018-02-04,MIL,BKN,27:48,7,13,53.846,1,2,50.000,1,1,100.000,16,14.0,16,2017-18
49,49,2018-02-06,MIL,NYK,34:39,10,23,43.478,0,0,0.000,3,6,50.000,23,15.8,11,2017-18
50,50,2018-02-09,MIL,MIA,40:05,8,21,38.095,1,4,25.000,6,7,85.714,23,12.3,4,2017-18
51,51,2018-02-10,MIL,ORL,37:54,14,24,58.333,0,1,0.000,4,7,57.143,32,23.6,11,2017-18
52,52,2018-02-13,MIL,ATL,34:16,7,16,43.750,0,4,0.000,1,2,50.000,15,13.4,4,2017-18
53,53,2018-02-15,MIL,DEN,39:01,14,21,66.667,1,2,50.000,7,12,58.333,36,33.8,-3,2017-18
54,54,2018-02-23,MIL,TOR,45:22,11,22,50.000,0,1,0.000,4,4,100.000,26,22.9,10,2017-18
55,55,2018-02-25,MIL,NOP,39:46,6,18,33.333,0,2,0.000,8,10,80.000,20,14.8,-3,2017-18
56,56,2018-02-27,MIL,WAS,39:17,8,16,50.000,1,1,100.000,6,8,75.000,23,24.7,-1,2017-18
57,57,2018-02-28,MIL,DET,29:57,5,13,38.462,1,3,33.333,0,0,0.000,11,1.0,-13,2017-18
58,58,2018-03-02,MIL,IND,43:22,6,18,33.333,2,4,50.000,10,12,83.333,24,17.4,-10,2017-18
59,59,2018-03-04,MIL,PHI,41:52,14,23,60.870,1,1,100.000,6,10,60.000,35,29.2,0,2017-18
60,60,2018-03-05,MIL,IND,36:59,7,16,43.750,0,2,0.000,4,5,80.000,18,18.1,2,2017-18
61,61,2018-03-07,MIL,HOU,37:44,12,20,60.000,0,0,0.000,6,9,66.667,30,18.0,-11,2017-18
62,62,2018-03-09,MIL,NYK,35:14,7,15,46.667,0,0,0.000,14,18,77.778,28,27.6,19,2017-18
63,63,2018-03-12,MIL,MEM,27:46,7,14,50.000,1,3,33.333,5,7,71.429,20,9.9,3,2017-18
64,64,2018-03-14,MIL,ORL,40:27,16,29,55.172,1,3,33.333,5,5,100.000,38,31.8,10,2017-18
65,65,2018-03-17,MIL,ATL,39:24,12,25,48.000,2,6,33.333,7,8,87.500,33,31.4,2,2017-18
66,66,2018-03-19,MIL,CLE,38:36,13,20,65.000,0,2,0.000,11,11,100.000,37,33.6,-1,2017-18
67,67,2018-03-21,MIL,LAC,16:40,5,9,55.556,0,1,0.000,2,3,66.667,12,8.0,-5,2017-18
68,68,2018-03-25,MIL,SAS,37:58,9,16,56.250,3,4,75.000,4,5,80.000,25,19.7,7,2017-18
69,69,2018-03-27,MIL,LAC,39:32,10,16,62.500,1,2,50.000,5,9,55.556,26,25.1,-4,2017-18
70,70,2018-03-29,MIL,GSW,34:41,14,18,77.778,2,3,66.667,2,2,100.000,32,29.9,23,2017-18
71,71,2018-03-30,MIL,LAL,42:31,8,20,40.000,0,0,0.000,11,15,73.333,27,19.3,-16,2017-18
72,72,2018-04-01,MIL,DEN,32:49,7,13,53.846,1,2,50.000,3,6,50.000,18,13.7,8,2017-18
73,73,2018-04-03,MIL,BOS,36:25,11,22,50.000,0,3,0.000,7,8,87.500,29,21.7,-11,2017-18
74,74,2018-04-05,MIL,BKN,36:07,7,21,33.333,0,3,0.000,5,5,100.000,19,17.9,-11,2017-18
75,75,2018-04-11,MIL,PHI,22:00,5,14,35.714,0,1,0.000,0,0,0.000,10,1.9,-26,2017-18
1,1,2018-10-17,MIL,CHA,34:46,9,21,42.857,0,3,0.000,7,12,58.333,25,14.8,11,2018-19
2,2,2018-10-19,MIL,IND,31:59,12,23,52.174,0,6,0.000,2,3,66.667,26,18.6,14,2018-19
3,3,2018-10-22,MIL,NYK,36:55,13,29,44.828,1,3,33.333,4,6,66.667,31,22.8,9,2018-19
4,4,2018-10-24,MIL,PHI,37:21,12,24,50.000,0,3,0.000,8,9,88.889,32,30.7,11,2018-19
5,5,2018-10-26,MIL,MIN,23:29,5,9,55.556,0,1,0.000,5,6,83.333,15,13.9,15,2018-19
6,6,2018-10-27,MIL,ORL,19:23,9,12,75.000,0,0,0.000,3,4,75.000,21,14.5,14,2018-19
7,7,2018-11-01,MIL,BOS,36:16,13,22,59.091,0,1,0.000,7,11,63.636,33,24.9,-4,2018-19
8,8,2018-11-04,MIL,SAC,30:06,8,11,72.727,1,2,50.000,9,12,75.000,26,29.2,39,2018-19
9,9,2018-11-06,MIL,POR,37:04,11,18,61.111,0,2,0.000,1,2,50.000,23,15.7,-7,2018-19
10,10,2018-11-08,MIL,GSW,26:24,7,16,43.750,0,2,0.000,10,11,90.909,24,20.9,13,2018-19
11,11,2018-11-10,MIL,LAC,41:07,11,19,57.895,0,2,0.000,5,11,45.455,27,23.9,-9,2018-19
12,12,2018-11-11,MIL,DEN,36:12,11,16,68.750,0,1,0.000,0,5,0.000,22,20.4,8,2018-19
13,13,2018-11-14,MIL,MEM,34:30,10,14,71.429,0,2,0.000,11,12,91.667,31,25.5,4,2018-19
14,14,2018-11-16,MIL,CHI,31:36,8,15,53.333,2,4,50.000,5,9,55.556,23,19.7,18,2018-19
15,15,2018-11-19,MIL,DEN,39:29,13,25,52.000,0,6,0.000,3,6,50.000,29,21.3,11,2018-19
16,16,2018-11-21,MIL,POR,29:39,13,20,65.000,1,3,33.333,6,9,66.667,33,35.7,27,2018-19
17,17,2018-11-23,MIL,PHX,36:28,14,16,87.500,0,1,0.000,7,12,58.333,35,29.1,7,2018-19
18,18,2018-11-24,MIL,SAS,38:49,9,16,56.250,0,3,0.000,16,20,80.000,34,35.1,21,2018-19
19,19,2018-11-26,MIL,CHA,39:55,7,15,46.667,1,3,33.333,5,7,71.429,20,23.0,6,2018-19
20,20,2018-11-28,MIL,CHI,33:56,14,21,66.667,0,3,0.000,8,12,66.667,36,32.9,1,2018-19
21,21,2018-12-01,MIL,NYK,41:50,10,17,58.824,0,1,0.000,13,16,81.250,33,33.3,-6,2018-19
22,22,2018-12-05,MIL,DET,26:15,6,12,50.000,0,2,0.000,3,4,75.000,15,9.7,22,2018-19
23,23,2018-12-07,MIL,GSW,33:57,8,13,61.538,0,2,0.000,6,9,66.667,22,21.9,-3,2018-19
24,24,2018-12-09,MIL,TOR,37:03,8,15,53.333,1,3,33.333,2,3,66.667,19,20.7,9,2018-19
25,25,2018-12-12,MIL,IND,31:29,4,6,66.667,1,2,50.000,3,6,50.000,12,10.9,-31,2018-19
26,26,2018-12-14,MIL,CLE,37:31,14,19,73.684,0,0,0.000,16,21,76.190,44,41.1,25,2018-19
27,27,2018-12-17,MIL,DET,31:11,15,21,71.429,0,3,0.000,2,2,100.000,32,25.0,-8,2018-19
28,28,2018-12-19,MIL,NOP,33:45,8,13,61.538,0,0,0.000,9,13,69.231,25,21.0,7,2018-19
29,29,2018-12-21,MIL,BOS,33:07,8,13,61.538,1,3,33.333,13,17,76.471,30,26.5,14,2018-19
30,30,2018-12-22,MIL,MIA,33:37,3,12,25.000,0,2,0.000,3,4,75.000,9,2.8,-9,2018-19
31,31,2018-12-25,MIL,NYK,35:11,13,21,61.905,0,2,0.000,4,7,57.143,30,28.6,15,2018-19
32,32,2018-12-27,MIL,NYK,34:42,10,20,50.000,1,4,25.000,10,14,71.429,31,26.6,-2,2018-19
33,33,2018-12-29,MIL,BKN,34:20,13,17,76.471,2,3,66.667,3,5,60.000,31,33.6,7,2018-19
34,34,2019-01-01,MIL,DET,26:23,6,11,54.545,0,1,0.000,3,5,60.000,15,14.3,15,2018-19
35,35,2019-01-04,MIL,ATL,19:24,6,8,75.000,0,1,0.000,4,6,66.667,16,23.4,21,2018-19
36,36,2019-01-05,MIL,TOR,39:38,16,25,64.000,3,5,60.000,8,11,72.727,43,33.5,-8,2018-19
37,37,2019-01-07,MIL,UTA,35:23,13,30,43.333,0,4,0.000,4,6,66.667,30,18.0,7,2018-19
38,38,2019-01-09,MIL,HOU,36:32,8,16,50.000,0,1,0.000,11,14,78.571,27,26.4,14,2018-19
39,39,2019-01-13,MIL,ATL,30:52,9,17,52.941,1,3,33.333,14,19,73.684,33,26.6,20,2018-19
40,40,2019-01-15,MIL,MIA,24:52,4,9,44.444,0,0,0.000,4,8,50.000,12,16.3,24,2018-19
41,41,2019-01-16,MIL,MEM,21:34,10,14,71.429,0,1,0.000,7,8,87.500,27,26.4,9,2018-19
42,42,2019-01-19,MIL,ORL,32:24,10,17,58.824,1,3,33.333,4,6,66.667,25,20.3,20,2018-19
43,43,2019-01-21,MIL,DAL,35:46,10,20,50.000,1,2,50.000,10,12,83.333,31,22.8,10,2018-19
44,44,2019-01-25,MIL,CHA,37:54,14,21,66.667,0,2,0.000,6,8,75.000,34,31.9,5,2018-19
45,45,2019-01-27,MIL,OKC,34:40,8,22,36.364,3,5,60.000,8,12,66.667,27,18.4,0,2018-19
46,46,2019-01-29,MIL,DET,34:52,8,16,50.000,1,4,25.000,4,5,80.000,21,23.5,10,2018-19
47,47,2019-01-31,MIL,TOR,28:10,7,13,53.846,1,4,25.000,4,5,80.000,19,21.3,12,2018-19
48,48,2019-02-02,MIL,WAS,32:42,10,20,50.000,0,3,0.000,17,17,100.000,37,27.2,21,2018-19
49,49,2019-02-04,MIL,BKN,31:43,12,19,63.158,0,2,0.000,6,8,75.000,30,29.6,7,2018-19
50,50,2019-02-06,MIL,WAS,31:28,17,21,80.952,3,3,100.000,6,11,54.545,43,35.9,2,2018-19
51,51,2019-02-08,MIL,DAL,30:42,13,19,68.421,1,3,33.333,2,2,100.000,29,26.5,25,2018-19
52,52,2019-02-11,MIL,CHI,34:50,9,13,69.231,2,3,66.667,9,14,64.286,29,27.9,21,2018-19
53,53,2019-02-13,MIL,IND,38:02,12,22,54.545,0,2,0.000,9,10,90.000,33,38.5,19,2018-19
54,54,2019-02-21,MIL,BOS,36:44,11,19,57.895,1,2,50.000,7,10,70.000,30,26.4,-10,2018-19
55,55,2019-02-23,MIL,MIN,32:44,9,16,56.250,3,4,75.000,6,6,100.000,27,26.3,15,2018-19
56,56,2019-02-27,MIL,SAC,24:19,7,12,58.333,0,3,0.000,3,5,60.000,17,14.9,-24,2018-19
57,57,2019-03-01,MIL,LAL,32:30,7,14,50.000,0,2,0.000,2,4,50.000,16,14.2,3,2018-19
58,58,2019-03-02,MIL,UTA,31:57,15,26,57.692,2,3,66.667,11,19,57.895,43,36.1,19,2018-19
59,59,2019-03-04,MIL,PHX,33:39,8,14,57.143,0,1,0.000,5,10,50.000,21,15.9,-5,2018-19
60,60,2019-03-07,MIL,IND,33:00,10,17,58.824,1,4,25.000,8,8,100.000,29,22.1,20,2018-19
61,61,2019-03-09,MIL,CHA,29:48,7,11,63.636,2,4,50.000,10,10,100.000,26,25.9,14,2018-19
62,62,2019-03-10,MIL,SAS,35:12,10,18,55.556,1,4,25.000,6,10,60.000,27,26.0,-4,2018-19
63,63,2019-03-12,MIL,NOP,26:03,7,13,53.846,0,4,0.000,10,10,100.000,24,17.1,17,2018-19
64,64,2019-03-15,MIL,MIA,34:47,12,19,63.158,1,4,25.000,8,11,72.727,33,31.7,19,2018-19
65,65,2019-03-17,MIL,PHI,36:12,15,26,57.692,3,8,37.500,19,21,90.476,52,50.4,12,2018-19
66,66,2019-03-22,MIL,MIA,28:28,12,19,63.158,1,4,25.000,2,4,50.000,27,24.0,7,2018-19
67,67,2019-03-24,MIL,CLE,31:36,11,16,68.750,0,3,0.000,4,6,66.667,26,23.9,23,2018-19
68,68,2019-03-26,MIL,HOU,32:40,7,15,46.667,0,2,0.000,5,7,71.429,19,13.8,7,2018-19
69,69,2019-03-28,MIL,LAC,31:56,10,18,55.556,2,6,33.333,12,14,85.714,34,30.3,1,2018-19
70,70,2019-04-01,MIL,BKN,29:58,9,23,39.130,1,3,33.333,9,11,81.818,28,17.5,6,2018-19
71,71,2019-04-04,MIL,PHI,34:58,13,22,59.091,3,7,42.857,16,21,76.190,45,43.6,9,2018-19
72,72,2019-04-07,MIL,ATL,24:36,10,15,66.667,2,5,40.000,8,12,66.667,30,30.0,16,2018-19
1,1,2019-10-24,MIL,HOU,28:10,11,17,64.706,2,5,40.000,6,11,54.545,30,28.4,8,2019-20
2,2,2019-10-26,MIL,MIA,36:38,12,21,57.143,0,5,0.000,5,9,55.556,29,24.1,0,2019-20
3,3,2019-10-28,MIL,CLE,29:12,5,15,33.333,0,2,0.000,4,8,50.000,14,10.8,10,2019-20
4,4,2019-10-30,MIL,BOS,34:38,8,13,61.538,0,2,0.000,6,10,60.000,22,20.4,-4,2019-20
5,5,2019-11-01,MIL,ORL,30:16,10,16,62.500,1,4,25.000,8,11,72.727,29,23.2,19,2019-20
6,6,2019-11-02,MIL,TOR,36:26,14,20,70.000,1,2,50.000,7,10,70.000,36,36.9,9,2019-20
7,7,2019-11-04,MIL,MIN,26:42,14,19,73.684,0,3,0.000,6,11,54.545,34,30.0,28,2019-20
8,8,2019-11-06,MIL,LAC,35:43,10,21,47.619,4,7,57.143,14,18,77.778,38,37.2,13,2019-20
9,9,2019-11-08,MIL,UTA,36:26,10,22,45.455,2,6,33.333,8,13,61.538,30,20.9,-6,2019-20
10,10,2019-11-10,MIL,OKC,36:25,13,19,68.421,2,3,66.667,7,9,77.778,35,27.3,15,2019-20
11,11,2019-11-14,MIL,CHI,35:50,13,24,54.167,1,5,20.000,11,20,55.000,38,29.5,-4,2019-20
12,12,2019-11-16,MIL,IND,28:24,10,17,58.824,3,6,50.000,3,5,60.000,26,22.9,19,2019-20
13,13,2019-11-18,MIL,CHI,33:44,13,22,59.091,2,6,33.333,5,12,41.667,33,18.9,12,2019-20
14,14,2019-11-20,MIL,ATL,30:08,12,17,70.588,1,6,16.667,8,13,61.538,33,25.9,17,2019-20
15,15,2019-11-21,MIL,POR,35:49,9,27,33.333,1,7,14.286,5,10,50.000,24,22.4,5,2019-20
16,16,2019-11-23,MIL,DET,27:12,12,22,54.545,1,3,33.333,3,9,33.333,28,20.8,18,2019-20
17,17,2019-11-25,MIL,UTA,38:30,17,31,54.839,3,8,37.500,13,19,68.421,50,45.1,14,2019-20
18,18,2019-11-27,MIL,ATL,35:12,12,23,52.174,1,5,20.000,5,13,38.462,30,18.9,0,2019-20
19,19,2019-11-29,MIL,CLE,32:03,14,26,53.846,2,8,25.000,3,4,75.000,33,26.6,10,2019-20
20,20,2019-11-30,MIL,CHA,19:37,11,19,57.895,1,5,20.000,3,7,42.857,26,21.8,23,2019-20
21,21,2019-12-02,MIL,NYK,21:58,10,14,71.429,3,4,75.000,6,11,54.545,29,25.0,25,2019-20
22,22,2019-12-04,MIL,DET,27:55,12,21,57.143,4,8,50.000,7,9,77.778,35,26.8,17,2019-20
23,23,2019-12-06,MIL,LAC,26:21,11,20,55.000,1,4,25.000,4,6,66.667,27,18.7,7,2019-20
24,24,2019-12-09,MIL,ORL,34:43,12,22,54.545,2,5,40.000,6,12,50.000,32,29.2,8,2019-20
25,25,2019-12-13,MIL,MEM,26:46,12,23,52.174,3,7,42.857,10,13,76.923,37,25.4,26,2019-20
26,26,2019-12-14,MIL,CLE,23:59,12,20,60.000,2,5,40.000,3,7,42.857,29,22.9,5,2019-20
27,27,2019-12-16,MIL,DAL,34:23,18,31,58.065,1,6,16.667,11,16,68.750,48,37.6,-1,2019-20
28,28,2019-12-19,MIL,LAL,32:19,11,19,57.895,5,8,62.500,7,10,70.000,34,29.0,7,2019-20
29,29,2019-12-21,MIL,NYK,26:02,8,10,80.000,2,4,50.000,4,8,50.000,22,25.5,29,2019-20
30,30,2019-12-22,MIL,IND,30:55,8,17,47.059,1,3,33.333,1,2,50.000,18,21.5,29,2019-20
31,31,2019-12-25,MIL,PHI,30:19,8,27,29.630,0,7,0.000,2,4,50.000,18,8.9,-18,2019-20
32,32,2019-12-30,MIL,CHI,27:22,8,14,57.143,1,3,33.333,6,6,100.000,23,20.8,11,2019-20
33,33,2020-01-01,MIL,MIN,31:29,13,22,59.091,3,7,42.857,3,8,37.500,32,24.3,4,2019-20
34,34,2020-01-04,MIL,SAS,28:57,7,12,58.333,3,7,42.857,15,18,83.333,32,28.1,6,2019-20
35,35,2020-01-06,MIL,SAS,33:50,10,22,45.455,0,5,0.000,4,4,100.000,24,23.5,-2,2019-20
36,36,2020-01-08,MIL,GSW,32:05,10,21,47.619,1,7,14.286,9,13,69.231,30,21.2,5,2019-20
37,37,2020-01-10,MIL,SAC,28:18,4,9,44.444,1,2,50.000,4,8,50.000,13,10.0,-8,2019-20
38,38,2020-01-11,MIL,POR,28:30,13,23,56.522,2,4,50.000,4,7,57.143,32,25.0,20,2019-20
39,39,2020-01-14,MIL,NYK,21:26,12,17,70.588,3,5,60.000,10,12,83.333,37,35.1,32,2019-20
40,40,2020-01-16,MIL,BOS,34:54,11,22,50.000,0,5,0.000,10,20,50.000,32,23.2,-7,2019-20
41,41,2020-01-18,MIL,BKN,25:24,12,20,60.000,2,5,40.000,3,7,42.857,29,16.4,7,2019-20
42,42,2020-01-20,MIL,CHI,31:00,12,20,60.000,1,5,20.000,3,9,33.333,28,20.5,23,2019-20
43,43,2020-01-24,MIL,CHA,32:13,13,19,68.421,0,1,0.000,4,7,57.143,30,27.4,16,2019-20
44,44,2020-01-31,MIL,DEN,31:54,11,27,40.741,1,5,20.000,8,12,66.667,31,28.0,-7,2019-20
45,45,2020-02-02,MIL,PHX,30:34,10,21,47.619,1,5,20.000,9,16,56.250,30,24.4,3,2019-20
46,46,2020-02-04,MIL,NOP,33:01,12,17,70.588,1,1,100.000,9,13,69.231,34,29.7,24,2019-20
47,47,2020-02-06,MIL,PHI,34:56,13,25,52.000,1,7,14.286,9,12,75.000,36,30.7,18,2019-20
48,48,2020-02-08,MIL,ORL,33:34,6,17,35.294,0,0,0.000,6,8,75.000,18,16.6,7,2019-20
49,49,2020-02-20,MIL,DET,31:47,13,23,56.522,0,3,0.000,7,11,63.636,33,29.0,39,2019-20
50,50,2020-02-22,MIL,PHI,29:07,12,17,70.588,2,5,40.000,5,8,62.500,31,29.3,25,2019-20
51,51,2020-02-24,MIL,WAS,24:51,8,12,66.667,0,0,0.000,6,8,75.000,22,12.7,14,2019-20
52,52,2020-02-25,MIL,TOR,38:00,5,14,35.714,2,4,50.000,7,8,87.500,19,19.8,13,2019-20
53,53,2020-02-28,MIL,OKC,27:17,13,20,65.000,2,4,50.000,4,5,80.000,32,27.9,44,2019-20
54,54,2020-03-01,MIL,CHA,34:55,17,28,60.714,1,4,25.000,6,7,85.714,41,36.0,22,2019-20
55,55,2020-03-02,MIL,MIA,30:45,6,18,33.333,0,4,0.000,1,2,50.000,13,7.7,-16,2019-20
56,56,2020-03-04,MIL,IND,28:15,10,23,43.478,2,8,25.000,7,7,100.000,29,22.1,26,2019-20
57,57,2020-03-06,MIL,LAL,35:31,10,21,47.619,1,6,16.667,11,14,78.571,32,25.0,-11,2019-20
58,58,2020-07-31,MIL,BOS,32:07,14,20,70.000,1,3,33.333,7,12,58.333,36,33.1,18,
59,59,2020-08-02,MIL,HOU,32:36,14,25,56.000,2,5,40.000,6,9,66.667,36,32.0,1,
60,60,2020-08-04,MIL,BKN,15:47,7,8,87.500,2,3,66.667,0,3,0.000,16,13.2,4,
61,61,2020-08-06,MIL,MIA,30:06,13,17,76.471,0,4,0.000,7,9,77.778,33,25.0,15,
62,62,2020-08-08,MIL,DAL,33:26,13,26,50.000,1,7,14.286,7,14,50.000,34,20.7,-16,
63,63,2020-08-11,MIL,WAS,10:09,1,3,33.333,0,0,0.000,10,12,83.333,12,10.9,12,
1,1,2020-12-23,MIL,BOS,36:24,13,26,50.000,3,8,37.500,6,8,75.000,35,19.7,-1,2020-21
2,2,2020-12-25,MIL,GSW,26:42,4,14,28.571,0,3,0.000,7,15,46.667,15,9.1,26,2020-21
3,3,2020-12-27,MIL,NYK,31:59,9,15,60.000,1,5,20.000,8,13,61.538,27,25.1,-13,2020-21
4,4,2020-12-29,MIL,MIA,24:14,3,9,33.333,0,2,0.000,3,5,60.000,9,9.3,23,2020-21
5,5,2020-12-30,MIL,MIA,38:01,10,18,55.556,2,6,33.333,4,4,100.000,26,27.6,-5,2020-21
6,6,2021-01-01,MIL,CHI,27:46,9,19,47.368,1,5,20.000,10,18,55.556,29,25.5,31,2020-21
7,7,2021-01-04,MIL,DET,36:04,17,24,70.833,2,6,33.333,7,9,77.778,43,34.6,16,2020-21
8,8,2021-01-06,MIL,DET,28:28,8,15,53.333,1,5,20.000,8,14,57.143,25,15.4,24,2020-21
9,9,2021-01-08,MIL,UTA,32:41,14,25,56.000,2,5,40.000,5,7,71.429,35,25.8,-5,2020-21
10,10,2021-01-11,MIL,ORL,27:17,8,16,50.000,2,4,50.000,4,7,57.143,22,13.8,4,2020-21
11,11,2021-01-13,MIL,DET,33:28,7,15,46.667,2,5,40.000,6,10,60.000,22,21.4,12,2020-21
12,12,2021-01-15,MIL,DAL,30:12,14,21,66.667,2,5,40.000,1,10,10.000,31,17.0,1,2020-21
13,13,2021-01-18,MIL,BKN,39:48,13,26,50.000,2,6,33.333,6,8,75.000,34,29.7,-12,2020-21
14,14,2021-01-21,MIL,LAL,35:04,11,17,64.706,1,3,33.333,2,4,50.000,25,12.1,-6,2020-21
15,15,2021-01-24,MIL,ATL,36:22,9,13,69.231,0,2,0.000,9,15,60.000,27,24.2,12,2020-21
16,16,2021-01-27,MIL,TOR,37:47,8,14,57.143,0,1,0.000,8,14,57.143,24,22.6,10,2020-21
17,17,2021-01-29,MIL,NOP,38:51,15,27,55.556,2,7,28.571,6,7,85.714,38,30.9,1,2020-21
18,18,2021-01-30,MIL,CHA,39:24,12,19,63.158,0,4,0.000,10,18,55.556,34,33.1,0,2020-21
19,19,2021-02-01,MIL,POR,25:46,8,11,72.727,0,0,0.000,2,3,66.667,18,17.4,25,2020-21
20,20,2021-02-03,MIL,IND,30:38,7,8,87.500,0,0,0.000,7,8,87.500,21,28.5,30,2020-21
21,21,2021-02-05,MIL,CLE,33:20,13,25,52.000,1,3,33.333,6,8,75.000,33,26.7,15,2020-21
22,22,2021-02-06,MIL,CLE,31:49,8,15,53.333,1,4,25.000,7,11,63.636,24,17.3,6,2020-21
23,23,2021-02-08,MIL,DEN,34:18,11,23,47.826,2,5,40.000,6,8,75.000,30,20.7,7,2020-21
24,24,2021-02-10,MIL,PHX,37:55,15,23,65.217,0,4,0.000,17,21,80.952,47,41.1,-3,2020-21
25,25,2021-02-12,MIL,UTA,38:53,12,20,60.000,1,2,50.000,4,6,66.667,29,26.9,-8,2020-21
26,26,2021-02-14,MIL,OKC,35:56,10,18,55.556,1,3,33.333,3,3,100.000,24,27.6,4,2020-21
27,27,2021-02-16,MIL,TOR,37:17,11,20,55.000,2,4,50.000,10,14,71.429,34,32.0,-9,2020-21
28,28,2021-02-18,MIL,TOR,37:05,8,20,40.000,0,4,0.000,7,13,53.846,23,14.0,-8,2020-21
29,29,2021-02-19,MIL,OKC,35:45,10,20,50.000,1,5,20.000,8,10,80.000,29,29.6,23,2020-21
30,30,2021-02-21,MIL,SAC,33:29,9,19,47.368,1,2,50.000,19,24,79.167,38,29.9,29,2020-21
31,31,2021-02-23,MIL,MIN,29:09,13,18,72.222,1,3,33.333,10,13,76.923,37,36.8,21,2020-21
32,32,2021-02-25,MIL,NOP,37:52,14,27,51.852,2,5,40.000,8,10,80.000,38,30.2,-2,2020-21
33,33,2021-02-28,MIL,LAC,39:55,15,27,55.556,2,7,28.571,4,6,66.667,36,30.6,4,2020-21
34,34,2021-03-02,MIL,DEN,32:59,10,15,66.667,0,3,0.000,7,10,70.000,27,21.6,-5,2020-21
35,35,2021-03-04,MIL,MEM,36:14,10,19,52.632,1,1,100.000,5,9,55.556,26,21.9,9,2020-21
36,36,2021-03-11,MIL,NYK,29:23,8,12,66.667,1,1,100.000,7,7,100.000,24,27.9,34,2020-21
37,37,2021-03-13,MIL,WAS,36:11,12,19,63.158,2,4,50.000,7,8,87.500,33,32.4,18,2020-21
38,38,2021-03-15,MIL,WAS,35:43,12,19,63.158,1,2,50.000,6,6,100.000,31,34.3,21,2020-21
39,39,2021-03-17,MIL,PHI,42:51,13,22,59.091,1,5,20.000,5,8,62.500,32,21.8,5,2020-21
40,40,2021-03-20,MIL,SAS,33:40,9,18,50.000,2,5,40.000,6,7,85.714,26,26.4,21,2020-21
41,41,2021-03-24,MIL,BOS,32:53,4,11,36.364,1,3,33.333,4,7,57.143,13,8.9,6,2020-21
42,42,2021-03-26,MIL,BOS,27:18,6,12,50.000,1,3,33.333,3,6,50.000,16,12.7,-16,2020-21
43,43,2021-03-29,MIL,LAC,33:44,10,21,47.619,2,5,40.000,10,12,83.333,32,23.1,-31,2020-21
44,44,2021-03-31,MIL,LAL,35:30,8,13,61.538,1,1,100.000,8,10,80.000,25,17.2,11,2020-21
45,45,2021-04-02,MIL,POR,33:05,18,21,85.714,0,3,0.000,11,13,84.615,47,42.4,17,2020-21
46,46,2021-04-15,MIL,ATL,24:52,7,12,58.333,1,2,50.000,0,2,0.000,15,13.5,2,2020-21
47,47,2021-04-17,MIL,MEM,29:12,10,18,55.556,0,3,0.000,8,12,66.667,28,23.9,-5,2020-21
48,48,2021-04-19,MIL,PHX,35:11,12,22,54.545,0,1,0.000,9,10,90.000,33,23.3,-3,2020-21
49,49,2021-04-22,MIL,PHI,35:26,8,15,53.333,1,2,50.000,10,18,55.556,27,25.2,25,2020-21
50,50,2021-04-24,MIL,PHI,23:43,9,12,75.000,1,3,33.333,5,10,50.000,24,24.6,18,2020-21
51,51,2021-04-25,MIL,ATL,35:20,11,17,64.706,1,3,33.333,8,10,80.000,31,28.9,-10,2020-21
52,52,2021-04-27,MIL,CHA,37:28,11,19,57.895,2,4,50.000,5,5,100.000,29,27.8,8,2020-21
53,53,2021-04-29,MIL,HOU,0:46,0,0,0.000,0,0,0.000,1,2,50.000,1,2.3,3,2020-21
54,54,2021-05-02,MIL,BKN,35:40,21,36,58.333,4,8,50.000,3,6,50.000,49,37.9,5,2020-21
55,55,2021-05-04,MIL,BKN,37:25,11,30,36.667,4,12,33.333,10,12,83.333,36,20.6,8,2020-21
56,56,2021-05-05,MIL,WAS,29:40,8,15,53.333,0,2,0.000,7,8,87.500,23,17.4,-1,2020-21
57,57,2021-05-07,MIL,HOU,28:34,8,11,72.727,0,3,0.000,1,2,50.000,17,20.8,5,2020-21
58,58,2021-05-10,MIL,SAS,29:20,11,16,68.750,0,2,0.000,6,7,85.714,28,22.9,-22,2020-21
59,59,2021-05-11,MIL,ORL,32:16,11,18,61.111,0,3,0.000,5,8,62.500,27,24.5,14,2020-21
60,60,2021-05-13,MIL,IND,35:05,14,18,77.778,1,1,100.000,11,16,68.750,40,40.5,1,2020-21
61,61,2021-05-15,MIL,MIA,33:39,6,12,50.000,1,3,33.333,2,6,33.333,15,12.2,19,2020-21
1,1,2021-10-19,MIL,BKN,30:57,12,25,48.000,1,4,25.000,7,9,77.778,32,26.4,25,2021-22
2,2,2021-10-21,MIL,MIA,22:48,4,11,36.364,1,3,33.333,6,10,60.000,15,11.9,-25,2021-22
3,3,2021-10-23,MIL,SAS,30:24,7,15,46.667,1,2,50.000,6,8,75.000,21,16.0,19,2021-22
4,4,2021-10-25,MIL,IND,36:16,10,18,55.556,0,2,0.000,10,13,76.923,30,29.5,14,2021-22
5,5,2021-10-27,MIL,MIN,34:53,15,23,65.217,3,6,50.000,7,9,77.778,40,40.1,9,2021-22
6,6,2021-10-30,MIL,SAS,34:04,11,18,61.111,0,3,0.000,6,11,54.545,28,14.8,-3,2021-22
7,7,2021-10-31,MIL,UTA,34:55,10,20,50.000,3,11,27.273,2,2,100.000,25,22.3,-10,2021-22
8,8,2021-11-02,MIL,DET,26:48,9,16,56.250,3,7,42.857,7,7,100.000,28,28.1,22,2021-22
9,9,2021-11-05,MIL,NYK,30:30,7,17,41.176,2,7,28.571,9,11,81.818,25,18.2,-5,2021-22
10,10,2021-11-07,MIL,WAS,39:11,12,26,46.154,0,4,0.000,5,12,41.667,29,23.2,-6,2021-22
11,11,2021-11-09,MIL,PHI,36:13,12,26,46.154,0,2,0.000,7,13,53.846,31,24.2,13,2021-22
12,12,2021-11-10,MIL,NYK,37:40,5,15,33.333,2,5,40.000,3,4,75.000,15,14.8,21,2021-22
13,13,2021-11-14,MIL,ATL,33:44,9,21,42.857,1,5,20.000,7,12,58.333,26,15.7,-9,2021-22
14,14,2021-11-17,MIL,LAL,36:17,18,23,78.261,3,4,75.000,8,11,72.727,47,39.8,1,2021-22
15,15,2021-11-19,MIL,OKC,35:45,6,16,37.500,0,4,0.000,9,11,81.818,21,19.8,23,2021-22
16,16,2021-11-20,MIL,ORL,30:22,8,16,50.000,1,3,33.333,15,23,65.217,32,28.6,15,2021-22
17,17,2021-11-22,MIL,ORL,23:44,4,12,33.333,0,4,0.000,4,6,66.667,12,14.1,38,2021-22
18,18,2021-11-24,MIL,DET,31:10,12,17,70.588,1,4,25.000,8,10,80.000,33,33.1,25,2021-22
19,19,2021-11-26,MIL,DEN,30:06,10,13,76.923,1,1,100.000,3,9,33.333,24,25.0,18,2021-22
20,20,2021-11-28,MIL,IND,32:40,10,15,66.667,0,2,0.000,6,10,60.000,26,20.8,12,2021-22
21,21,2021-12-01,MIL,CHA,37:41,15,24,62.500,1,4,25.000,9,13,69.231,40,32.5,4,2021-22
22,22,2021-12-06,MIL,CLE,27:21,9,19,47.368,3,3,100.000,6,7,85.714,27,17.8,14,2021-22
23,23,2021-12-08,MIL,MIA,32:36,4,13,30.769,0,2,0.000,7,12,58.333,15,8.0,-11,2021-22
24,24,2021-12-10,MIL,HOU,36:44,15,20,75.000,1,3,33.333,10,14,71.429,41,39.8,4,2021-22
25,25,2021-12-12,MIL,NYK,32:25,7,16,43.750,0,2,0.000,6,8,75.000,20,19.8,9,2021-22
26,26,2021-12-13,MIL,BOS,33:35,7,14,50.000,0,3,0.000,6,8,75.000,20,13.3,-19,2021-22
27,27,2021-12-25,MIL,BOS,29:48,13,23,56.522,0,2,0.000,10,15,66.667,36,29.2,-1,2021-22
28,28,2021-12-28,MIL,ORL,29:34,10,19,52.632,1,4,25.000,7,10,70.000,28,20.2,13,2021-22
29,29,2021-12-30,MIL,ORL,30:55,13,22,59.091,1,4,25.000,6,6,100.000,33,28.5,17,2021-22
30,30,2022-01-01,MIL,NOP,32:12,12,18,66.667,2,4,50.000,9,12,75.000,35,34.6,25,2021-22
31,31,2022-01-03,MIL,DET,35:36,11,21,52.381,0,4,0.000,9,13,69.231,31,24.6,-12,2021-22
32,32,2022-01-07,MIL,BKN,26:47,11,17,64.706,2,5,40.000,7,10,70.000,31,25.9,16,2021-22
33,33,2022-01-08,MIL,CHA,36:44,11,20,55.000,3,6,50.000,18,20,90.000,43,36.5,-13,2021-22
34,34,2022-01-10,MIL,CHA,35:00,10,18,55.556,1,5,20.000,5,8,62.500,26,21.0,6,2021-22
35,35,2022-01-13,MIL,GSW,29:58,11,17,64.706,0,2,0.000,8,12,66.667,30,29.3,22,2021-22
36,36,2022-01-15,MIL,TOR,35:29,6,17,35.294,1,3,33.333,17,17,100.000,30,20.5,-9,2021-22
37,37,2022-01-17,MIL,ATL,36:59,8,20,40.000,1,3,33.333,10,14,71.429,27,16.1,-17,2021-22
38,38,2022-01-19,MIL,MEM,31:13,12,25,48.000,2,4,50.000,7,8,87.500,33,25.8,10,2021-22
39,39,2022-01-21,MIL,CHI,36:40,11,23,47.826,0,3,0.000,8,12,66.667,30,21.0,1,2021-22
40,40,2022-01-26,MIL,CLE,29:20,7,13,53.846,1,3,33.333,11,12,91.667,26,17.3,-11,2021-22
41,41,2022-01-28,MIL,NYK,34:06,12,19,63.158,2,6,33.333,12,16,75.000,38,31.5,19,2021-22
42,42,2022-01-30,MIL,DEN,30:47,9,19,47.368,1,5,20.000,10,15,66.667,29,22.5,-15,2021-22
43,43,2022-02-01,MIL,WAS,37:58,14,21,66.667,0,3,0.000,5,5,100.000,33,35.1,14,2021-22
44,44,2022-02-05,MIL,POR,24:37,7,12,58.333,4,7,57.143,11,15,73.333,29,28.4,28,2021-22
45,45,2022-02-06,MIL,LAC,30:48,8,15,53.333,2,3,66.667,10,12,83.333,28,26.8,14,2021-22
46,46,2022-02-08,MIL,LAL,35:19,17,20,85.000,2,2,100.000,8,13,61.538,44,46.6,23,2021-22
47,47,2022-02-10,MIL,PHX,29:47,5,14,35.714,0,3,0.000,8,14,57.143,18,12.8,-18,2021-22
48,48,2022-02-15,MIL,IND,36:08,17,21,80.952,2,3,66.667,14,18,77.778,50,44.9,7,2021-22
49,49,2022-02-17,MIL,PHI,39:06,13,23,56.522,2,4,50.000,4,5,80.000,32,31.0,-9,2021-22
50,50,2022-02-26,MIL,BKN,36:13,8,20,40.000,1,6,16.667,12,16,75.000,29,21.2,-8,2021-22
51,51,2022-02-28,MIL,CHA,28:09,6,10,60.000,0,2,0.000,14,14,100.000,26,32.2,25,2021-22
52,52,2022-03-02,MIL,MIA,34:24,9,20,45.000,1,4,25.000,9,11,81.818,28,24.1,7,2021-22
53,53,2022-03-04,MIL,CHI,38:48,12,22,54.545,0,2,0.000,10,19,52.632,34,26.8,15,2021-22
54,54,2022-03-06,MIL,PHX,31:13,8,13,61.538,0,1,0.000,3,6,50.000,19,18.9,-8,2021-22
55,55,2022-03-08,MIL,OKC,27:46,13,19,68.421,4,4,100.000,9,13,69.231,39,38.2,18,2021-22
56,56,2022-03-09,MIL,ATL,37:02,15,22,68.182,1,5,20.000,12,17,70.588,43,37.3,3,2021-22
57,57,2022-03-12,MIL,GSW,34:01,9,17,52.941,1,4,25.000,12,18,66.667,31,24.1,-26,2021-22
58,58,2022-03-14,MIL,UTA,33:52,12,24,50.000,0,2,0.000,6,7,85.714,30,23.3,4,2021-22
59,59,2022-03-16,MIL,SAC,34:54,12,23,52.174,0,2,0.000,12,16,75.000,36,27.8,5,2021-22
60,60,2022-03-22,MIL,CHI,29:44,9,12,75.000,1,2,50.000,6,9,66.667,25,20.9,28,2021-22
61,61,2022-03-26,MIL,MEM,28:17,11,20,55.000,0,1,0.000,8,10,80.000,30,26.1,-10,2021-22
62,62,2022-03-29,MIL,PHI,37:30,16,24,66.667,1,3,33.333,7,10,70.000,40,36.9,3,2021-22
63,63,2022-03-31,MIL,BKN,39:19,14,21,66.667,1,4,25.000,15,19,78.947,44,35.9,12,2021-22
64,64,2022-04-03,MIL,DAL,39:40,12,22,54.545,0,3,0.000,4,8,50.000,28,19.6,-9,2021-22
65,65,2022-04-05,MIL,CHI,24:00,7,13,53.846,1,2,50.000,3,5,60.000,18,15.3,12,2021-22
66,66,2022-04-07,MIL,BOS,38:04,11,21,52.381,0,4,0.000,7,10,70.000,29,23.0,-1,2021-22
67,67,2022-04-08,MIL,DET,27:41,9,16,56.250,1,3,33.333,11,13,84.615,30,32.1,19,2021-22
1,1,2022-10-20,MIL,PHI,36:05,9,16,56.250,1,3,33.333,2,5,40.000,21,22.2,13,2022-23
2,2,2022-10-22,MIL,HOU,27:38,17,21,80.952,2,3,66.667,8,13,61.538,44,35.8,23,2022-23
3,3,2022-10-26,MIL,BKN,37:52,16,25,64.000,1,4,25.000,10,14,71.429,43,33.3,5,2022-23
4,4,2022-10-28,MIL,NYK,38:55,11,22,50.000,1,6,16.667,7,11,63.636,30,27.6,27,2022-23
5,5,2022-10-29,MIL,ATL,32:37,11,22,50.000,1,1,100.000,11,19,57.895,34,26.8,-10,2022-23
6,6,2022-10-31,MIL,DET,31:44,12,23,52.174,0,4,0.000,7,9,77.778,31,18.6,-1,2022-23
7,7,2022-11-02,MIL,DET,29:31,11,24,45.833,0,4,0.000,10,12,83.333,32,32.2,12,2022-23
8,8,2022-11-04,MIL,MIN,33:35,7,17,41.176,2,4,50.000,10,20,50.000,26,19.6,25,2022-23
9,9,2022-11-07,MIL,ATL,26:47,9,20,45.000,0,1,0.000,7,8,87.500,25,14.6,-22,2022-23
10,10,2022-11-14,MIL,ATL,30:55,8,21,38.095,0,3,0.000,11,18,61.111,27,8.9,-13,2022-23
11,11,2022-11-16,MIL,CLE,31:32,6,18,33.333,0,2,0.000,4,11,36.364,16,10.6,10,2022-23
12,12,2022-11-18,MIL,PHI,34:16,10,22,45.455,1,5,20.000,4,15,26.667,25,11.3,-12,2022-23
13,13,2022-11-21,MIL,POR,35:05,16,24,66.667,0,1,0.000,5,12,41.667,37,30.7,19,2022-23
14,14,2022-11-23,MIL,CHI,34:00,15,27,55.556,0,2,0.000,6,9,66.667,36,21.3,5,2022-23
15,15,2022-11-25,MIL,CLE,30:58,13,20,65.000,2,3,66.667,10,14,71.429,38,32.9,15,2022-23
16,16,2022-11-27,MIL,DAL,29:24,11,19,57.895,0,2,0.000,8,10,80.000,30,23.6,16,2022-23
17,17,2022-11-30,MIL,NYK,36:37,13,25,52.000,2,8,25.000,9,12,75.000,37,29.2,-5,2022-23
18,18,2022-12-02,MIL,LAL,35:06,16,23,69.565,0,3,0.000,8,11,72.727,40,32.8,2,2022-23
19,19,2022-12-05,MIL,ORL,33:12,12,21,57.143,2,4,50.000,8,11,72.727,34,27.5,-4,2022-23
20,20,2022-12-07,MIL,SAC,32:43,12,19,63.158,2,2,100.000,9,10,90.000,35,29.6,11,2022-23
21,21,2022-12-09,MIL,DAL,35:08,10,20,50.000,1,1,100.000,7,10,70.000,28,15.1,-2,2022-23
22,22,2022-12-11,MIL,HOU,36:46,7,17,41.176,0,2,0.000,2,6,33.333,16,11.3,-11,2022-23
23,23,2022-12-13,MIL,GSW,29:52,9,26,34.615,1,6,16.667,11,17,64.706,30,17.4,17,2022-23
24,24,2022-12-15,MIL,MEM,25:36,5,13,38.462,1,3,33.333,8,13,61.538,19,14.8,-29,2022-23
25,25,2022-12-19,MIL,NOP,33:56,12,17,70.588,1,3,33.333,17,22,77.273,42,34.1,1,2022-23
26,26,2022-12-21,MIL,CLE,39:36,17,27,62.963,0,1,0.000,11,16,68.750,45,35.3,3,2022-23
27,27,2022-12-23,MIL,BKN,35:53,9,13,69.231,0,1,0.000,8,11,72.727,26,23.1,-20,2022-23
28,28,2022-12-25,MIL,BOS,35:19,9,22,40.909,1,5,20.000,8,12,66.667,27,14.6,-27,2022-23
29,29,2022-12-28,MIL,CHI,42:15,17,39,43.590,0,3,0.000,11,17,64.706,45,30.4,-10,2022-23
30,30,2022-12-30,MIL,MIN,37:50,14,23,60.870,1,1,100.000,14,21,66.667,43,36.6,9,2022-23
31,31,2023-01-03,MIL,WAS,36:34,20,33,60.606,0,3,0.000,15,16,93.750,55,44.0,25,2022-23
32,32,2023-01-04,MIL,TOR,39:42,7,18,38.889,1,3,33.333,15,21,71.429,30,19.0,20,2022-23
33,33,2023-01-06,MIL,CHA,21:58,2,7,28.571,0,2,0.000,5,11,45.455,9,0.7,-21,2022-23
34,34,2023-01-09,MIL,NYK,36:25,6,15,40.000,1,3,33.333,9,12,75.000,22,17.4,9,2022-23
35,35,2023-01-11,MIL,ATL,34:57,3,10,30.000,0,0,0.000,1,4,25.000,7,10.9,15,2022-23
36,36,2023-01-23,MIL,DET,26:31,8,15,53.333,2,4,50.000,11,17,64.706,29,21.7,26,2022-23
37,37,2023-01-25,MIL,DEN,30:48,9,15,60.000,0,0,0.000,15,22,68.182,33,23.9,10,2022-23
38,38,2023-01-27,MIL,IND,33:44,16,29,55.172,2,7,28.571,7,18,38.889,41,31.0,2,2022-23
39,39,2023-01-29,MIL,NOP,30:20,20,26,76.923,3,4,75.000,7,12,58.333,50,40.7,16,2022-23
40,40,2023-01-31,MIL,CHA,35:35,14,24,58.333,1,3,33.333,5,6,83.333,34,26.6,-7,2022-23
41,41,2023-02-02,MIL,LAC,36:26,21,39,53.846,2,8,25.000,10,15,66.667,54,38.0,10,2022-23
42,42,2023-02-04,MIL,MIA,35:58,13,19,68.421,0,2,0.000,9,16,56.250,35,34.6,19,2022-23
43,43,2023-02-06,MIL,POR,22:53,9,14,64.286,0,1,0.000,6,8,75.000,24,20.1,17,2022-23
44,44,2023-02-09,MIL,LAL,35:56,14,23,60.870,1,4,25.000,9,13,69.231,38,32.4,8,2022-23
45,45,2023-02-10,MIL,LAC,30:27,13,25,52.000,1,2,50.000,8,11,72.727,35,27.7,20,2022-23
46,46,2023-02-14,MIL,BOS,45:55,12,26,46.154,1,3,33.333,11,19,57.895,36,21.8,14,2022-23
47,47,2023-02-16,MIL,CHI,9:20,1,4,25.000,0,1,0.000,0,0,0.000,2,2.8,9,2022-23
48,48,2023-02-24,MIL,MIA,6:28,2,4,50.000,0,0,0.000,0,0,0.000,4,6.0,5,2022-23
49,49,2023-02-28,MIL,BKN,28:28,15,27,55.556,1,2,50.000,2,6,33.333,33,21.4,11,2022-23
50,50,2023-03-01,MIL,ORL,27:42,10,14,71.429,3,4,75.000,8,10,80.000,31,28.0,19,2022-23
51,51,2023-03-04,MIL,PHI,35:25,9,21,42.857,0,3,0.000,16,18,88.889,34,23.1,-14,2022-23
52,52,2023-03-05,MIL,WAS,36:13,6,11,54.545,0,0,0.000,11,15,73.333,23,27.0,15,2022-23
53,53,2023-03-13,MIL,SAC,33:57,19,28,67.857,2,2,100.000,6,7,85.714,46,35.6,15,2022-23
54,54,2023-03-14,MIL,PHX,35:18,11,23,47.826,0,3,0.000,14,24,58.333,36,29.1,11,2022-23
55,55,2023-03-16,MIL,IND,26:34,10,17,58.824,0,0,0.000,5,10,50.000,25,18.5,-10,2022-23
56,56,2023-03-19,MIL,TOR,36:06,9,9,100.000,1,1,100.000,3,7,42.857,22,26.7,-10,2022-23
57,57,2023-03-22,MIL,SAS,23:46,14,23,60.870,1,4,25.000,2,5,40.000,31,24.0,16,2022-23
58,58,2023-03-24,MIL,UTA,24:51,10,13,76.923,1,2,50.000,3,6,50.000,24,24.4,32,2022-23
59,59,2023-03-25,MIL,DEN,32:28,13,22,59.091,0,3,0.000,5,7,71.429,31,25.1,-15,2022-23
60,60,2023-03-29,MIL,IND,32:10,14,18,77.778,0,0,0.000,10,14,71.429,38,39.7,20,2022-23
61,61,2023-03-30,MIL,BOS,25:17,11,27,40.741,0,5,0.000,2,3,66.667,24,13.9,-32,2022-23
62,62,2023-04-02,MIL,PHI,31:48,13,17,76.471,0,1,0.000,7,13,53.846,33,30.2,21,2022-23
63,63,2023-04-04,MIL,WAS,32:48,9,16,56.250,0,0,0.000,10,17,58.824,28,21.4,18,2022-23
1,1,2023-10-26,MIL,PHI,35:07,10,21,47.619,0,3,0.000,3,9,33.333,23,12.0,-13,2023-24
2,2,2023-10-29,MIL,ATL,29:28,9,14,64.286,0,1,0.000,8,10,80.000,26,25.0,-11,2023-24
3,3,2023-10-30,MIL,MIA,31:51,12,21,57.143,1,3,33.333,8,11,72.727,33,23.3,18,2023-24
4,4,2023-11-01,MIL,TOR,27:41,5,11,45.455,0,0,0.000,6,9,66.667,16,9.7,-10,2023-24
5,5,2023-11-03,MIL,NYK,35:47,6,10,60.000,3,3,100.000,7,13,53.846,22,14.5,13,2023-24
6,6,2023-11-06,MIL,BKN,35:15,15,27,55.556,1,7,14.286,5,6,83.333,36,28.2,15,2023-24
7,7,2023-11-08,MIL,DET,21:52,6,16,37.500,0,2,0.000,3,6,50.000,15,11.9,5,2023-24
8,8,2023-11-09,MIL,IND,36:29,19,25,76.000,0,1,0.000,16,18,88.889,54,40.2,6,2023-24
9,9,2023-11-11,MIL,ORL,36:39,15,22,68.182,0,1,0.000,5,12,41.667,35,29.3,-11,2023-24
10,10,2023-11-13,MIL,CHI,34:42,13,22,59.091,1,3,33.333,8,14,57.143,35,23.7,13,2023-24
11,11,2023-11-17,MIL,CHA,28:10,6,10,60.000,0,0,0.000,4,7,57.143,16,13.9,6,2023-24
12,12,2023-11-18,MIL,DAL,37:51,18,26,69.231,1,3,33.333,3,5,60.000,40,36.9,-7,2023-24
13,13,2023-11-20,MIL,WAS,33:54,20,23,86.957,0,0,0.000,2,6,33.333,42,40.1,10,2023-24
14,14,2023-11-22,MIL,BOS,36:30,7,20,35.000,0,3,0.000,7,10,70.000,21,14.6,6,2023-24
15,15,2023-11-24,MIL,WAS,37:13,11,19,57.895,0,0,0.000,9,12,75.000,31,26.8,-10,2023-24
16,16,2023-11-26,MIL,POR,38:49,11,21,52.381,0,1,0.000,11,18,61.111,33,28.4,9,2023-24
17,17,2023-11-28,MIL,MIA,39:30,11,16,68.750,1,2,50.000,10,13,76.923,33,30.8,18,2023-24
18,18,2023-11-30,MIL,CHI,38:52,11,17,64.706,0,1,0.000,4,4,100.000,26,27.1,-8,2023-24
19,19,2023-12-02,MIL,ATL,36:19,14,20,70.000,0,1,0.000,4,5,80.000,32,31.6,8,2023-24
20,20,2023-12-05,MIL,NYK,33:49,15,22,68.182,1,1,100.000,4,9,44.444,35,32.0,19,2023-24
21,21,2023-12-07,MIL,IND,40:30,13,19,68.421,0,1,0.000,11,13,84.615,37,32.1,-5,2023-24
22,22,2023-12-11,MIL,CHI,40:57,9,13,69.231,0,0,0.000,14,18,77.778,32,32.3,13,2023-24
23,23,2023-12-13,MIL,IND,37:13,20,28,71.429,0,3,0.000,24,32,75.000,64,57.0,29,2023-24
24,24,2023-12-16,MIL,DET,25:47,7,9,77.778,0,0,0.000,8,13,61.538,22,24.1,22,2023-24
25,25,2023-12-17,MIL,HOU,39:10,10,22,45.455,1,3,33.333,5,11,45.455,26,14.6,11,2023-24
26,26,2023-12-19,MIL,SAS,33:36,4,12,33.333,0,2,0.000,3,6,50.000,11,18.5,13,2023-24
27,27,2023-12-21,MIL,ORL,37:18,11,25,44.000,0,3,0.000,15,19,78.947,37,25.1,9,2023-24
28,28,2023-12-23,MIL,NYK,32:21,11,17,64.706,0,0,0.000,6,8,75.000,28,22.6,3,2023-24
29,29,2023-12-25,MIL,NYK,38:39,13,24,54.167,1,2,50.000,5,9,55.556,32,27.7,-5,2023-24
30,30,2023-12-27,MIL,BKN,30:27,10,12,83.333,0,0,0.000,12,17,70.588,32,33.6,8,2023-24
31,31,2023-12-29,MIL,CLE,36:34,14,22,63.636,0,1,0.000,6,7,85.714,34,30.1,12,2023-24
32,32,2024-01-01,MIL,IND,36:55,11,20,55.000,0,3,0.000,8,11,72.727,30,30.7,3,2023-24
33,33,2024-01-03,MIL,IND,35:43,8,13,61.538,1,2,50.000,9,13,69.231,26,27.3,-12,2023-24
34,34,2024-01-04,MIL,SAS,39:30,19,28,67.857,2,3,66.667,4,6,66.667,44,42.0,11,2023-24
35,35,2024-01-06,MIL,HOU,38:56,16,25,64.000,1,2,50.000,15,21,71.429,48,39.3,-1,2023-24
36,36,2024-01-08,MIL,UTA,38:23,10,20,50.000,0,2,0.000,5,9,55.556,25,19.7,-14,2023-24
37,37,2024-01-11,MIL,BOS,25:40,10,13,76.923,0,0,0.000,4,5,80.000,24,25.2,38,2023-24
38,38,2024-01-13,MIL,GSW,36:39,13,22,59.091,1,3,33.333,6,8,75.000,33,24.2,1,2023-24
39,39,2024-01-14,MIL,SAC,40:23,9,16,56.250,0,2,0.000,9,14,64.286,27,25.2,-13,2023-24
40,40,2024-01-20,MIL,DET,38:08,10,16,62.500,0,1,0.000,11,22,50.000,31,27.2,13,2023-24
41,41,2024-01-22,MIL,DET,35:33,11,25,44.000,1,5,20.000,8,12,66.667,31,30.8,12,2023-24
42,42,2024-01-24,MIL,CLE,34:33,16,24,66.667,1,1,100.000,2,3,66.667,35,35.6,11,2023-24
43,43,2024-01-26,MIL,CLE,35:47,9,13,69.231,0,0,0.000,4,9,44.444,22,18.6,8,2023-24
44,44,2024-01-27,MIL,NOP,28:55,11,16,68.750,1,1,100.000,7,11,63.636,30,28.2,23,2023-24
45,45,2024-01-29,MIL,DEN,36:55,11,19,57.895,1,1,100.000,6,11,54.545,29,23.4,-3,2023-24
46,46,2024-01-31,MIL,POR,37:46,10,16,62.500,0,2,0.000,7,11,63.636,27,20.3,6,2023-24
47,47,2024-02-03,MIL,DAL,40:10,20,28,71.429,2,5,40.000,6,10,60.000,48,47.5,15,2023-24
48,48,2024-02-04,MIL,UTA,39:36,11,15,73.333,0,2,0.000,11,15,73.333,33,31.8,-8,2023-24
49,49,2024-02-06,MIL,PHX,38:36,13,24,54.167,1,3,33.333,7,13,53.846,34,21.8,1,2023-24
50,50,2024-02-08,MIL,MIN,27:21,7,14,50.000,0,2,0.000,3,7,42.857,17,12.2,-18,2023-24
51,51,2024-02-09,MIL,CHA,23:39,5,10,50.000,0,1,0.000,5,7,71.429,15,15.6,28,2023-24
52,52,2024-02-12,MIL,DEN,30:24,14,19,73.684,0,0,0.000,8,14,57.143,36,38.0,18,2023-24
53,53,2024-02-13,MIL,MIA,33:38,11,18,61.111,1,2,50.000,0,0,0.000,23,20.9,-23,2023-24
54,54,2024-02-15,MIL,MEM,36:37,15,17,88.235,0,0,0.000,5,9,55.556,35,34.1,-14,2023-24
55,55,2024-02-23,MIL,MIN,41:11,9,13,69.231,1,1,100.000,14,21,66.667,33,31.3,1,2023-24
56,56,2024-02-25,MIL,PHI,35:45,10,17,58.824,1,2,50.000,9,12,75.000,30,25.5,14,2023-24
57,57,2024-02-27,MIL,CHA,24:15,8,13,61.538,1,1,100.000,7,8,87.500,24,20.6,25,2023-24
58,58,2024-02-29,MIL,CHA,33:27,10,15,66.667,2,2,100.000,2,3,66.667,24,22.2,16,2023-24
59,59,2024-03-01,MIL,CHI,37:19,16,22,72.727,2,3,66.667,12,16,75.000,46,45.9,6,2023-24
60,60,2024-03-06,MIL,GSW,32:34,8,15,53.333,1,3,33.333,6,9,66.667,23,19.9,-6,2023-24
61,61,2024-03-08,MIL,LAL,38:41,14,23,60.870,1,3,33.333,5,7,71.429,34,33.0,-4,2023-24
62,62,2024-03-10,MIL,LAC,38:37,12,24,50.000,0,2,0.000,10,15,66.667,34,26.6,19,2023-24
63,63,2024-03-12,MIL,SAC,32:53,10,17,58.824,0,2,0.000,10,14,71.429,30,23.4,-18,2023-24
64,64,2024-03-14,MIL,PHI,36:56,9,12,75.000,0,0,0.000,14,18,77.778,32,27.8,-4,2023-24
65,65,2024-03-21,MIL,BKN,34:55,9,19,47.368,1,2,50.000,2,4,50.000,21,16.1,5,2023-24
66,66,2024-03-24,MIL,OKC,33:39,13,18,72.222,0,0,0.000,4,6,66.667,30,30.0,7,2023-24
67,67,2024-03-26,MIL,LAL,46:25,14,25,56.000,0,1,0.000,1,6,16.667,29,28.2,-13,2023-24
68,68,2024-03-28,MIL,NOP,39:11,15,22,68.182,0,2,0.000,5,11,45.455,35,27.4,-2,2023-24
69,69,2024-03-30,MIL,ATL,37:41,12,22,54.545,0,1,0.000,12,16,75.000,36,35.7,8,2023-24
70,70,2024-04-02,MIL,WAS,36:19,15,21,71.429,0,0,0.000,5,9,55.556,35,34.6,2,2023-24
71,71,2024-04-03,MIL,MEM,32:12,10,23,43.478,0,4,0.000,1,3,33.333,21,16.1,3,2023-24
72,72,2024-04-07,MIL,NYK,38:32,10,20,50.000,0,1,0.000,8,11,72.727,28,25.7,-5,2023-24
73,73,2024-04-09,MIL,BOS,28:36,7,11,63.636,0,0,0.000,1,2,50.000,15,16.2,17,2023-24
