Rk,G,Date,Tm,Opp,MP,FG,FGA,FG%,3P,3PA,3P%,FT,FTA,FT%,PTS,GmSc,+/-
1,1,2012-10-31,DET,HOU,12:53,1,1,100.000,0,0,0.000,0,0,0.000,2,2.2,0
2,2,2012-11-02,DET,PHX,18:50,2,3,66.667,0,0,0.000,1,3,33.333,5,7.4,3
3,3,2012-11-04,DET,LAL,21:42,2,6,33.333,0,0,0.000,1,2,50.000,5,4.5,2
4,4,2012-11-06,DET,DEN,12:13,3,3,100.000,1,1,100.000,0,0,0.000,7,8.1,-8
5,5,2012-11-07,DET,SAC,5:58,0,0,0.000,0,0,0.000,0,0,0.000,0,-0.4,-4
6,6,2012-11-09,DET,OKC,20:30,8,10,80.000,0,0,0.000,6,9,66.667,22,21.3,0
7,7,2012-11-10,DET,HOU,20:11,2,2,100.000,0,0,0.000,3,6,50.000,7,8.7,-9
8,8,2012-11-12,DET,OKC,12:49,2,3,66.667,0,0,0.000,0,0,0.000,4,6.5,0
9,9,2012-11-14,DET,PHI,11:14,3,6,50.000,0,0,0.000,0,2,0.000,6,3.8,2
10,10,2012-11-16,DET,ORL,14:52,5,6,83.333,0,0,0.000,0,0,0.000,10,9.5,-9
11,11,2012-11-18,DET,BOS,17:59,2,3,66.667,0,0,0.000,0,0,0.000,4,5.1,11
12,12,2012-11-21,DET,ORL,18:55,2,4,50.000,0,0,0.000,0,0,0.000,4,4.0,0
13,13,2012-11-23,DET,TOR,24:24,6,11,54.545,0,0,0.000,1,6,16.667,13,13.0,-2
14,14,2012-11-25,DET,NYK,19:02,1,6,16.667,0,0,0.000,0,0,0.000,2,3.6,-9
15,15,2012-11-26,DET,POR,14:14,1,6,16.667,0,0,0.000,0,0,0.000,2,0.0,8
16,16,2012-11-28,DET,PHX,24:47,3,7,42.857,0,0,0.000,0,2,0.000,6,5.6,21
17,17,2012-11-30,DET,MEM,18:54,2,3,66.667,0,1,0.000,0,0,0.000,4,5.3,-9
18,18,2012-12-01,DET,DAL,12:28,1,1,100.000,0,0,0.000,0,0,0.000,2,5.4,1
19,19,2012-12-03,DET,CLE,19:31,3,8,37.500,0,0,0.000,1,4,25.000,7,11.6,-1
20,20,2012-12-05,DET,GSW,30:38,6,8,75.000,0,0,0.000,3,7,42.857,15,16.0,17
21,21,2012-12-07,DET,CHI,22:41,3,3,100.000,0,0,0.000,1,2,50.000,7,7.1,3
22,22,2012-12-08,DET,CLE,21:08,4,6,66.667,0,0,0.000,1,3,33.333,9,7.0,10
23,23,2012-12-10,DET,PHI,13:30,0,1,0.000,0,0,0.000,0,0,0.000,0,0.6,1
24,24,2012-12-11,DET,DEN,21:24,3,4,75.000,0,0,0.000,1,2,50.000,7,10.8,-8
25,25,2012-12-14,DET,BKN,18:23,4,8,50.000,0,0,0.000,0,0,0.000,8,9.2,-6
26,26,2012-12-15,DET,IND,29:01,5,7,71.429,0,0,0.000,1,2,50.000,11,14.2,8
27,27,2012-12-17,DET,LAC,19:42,2,8,25.000,0,0,0.000,3,4,75.000,7,6.1,-4
28,28,2012-12-19,DET,TOR,20:23,2,3,66.667,0,0,0.000,2,7,28.571,6,6.2,-4
29,29,2012-12-21,DET,WAS,21:15,5,7,71.429,0,0,0.000,1,4,25.000,11,17.6,10
30,30,2012-12-22,DET,WAS,23:54,2,8,25.000,0,0,0.000,0,0,0.000,4,3.3,-7
31,31,2012-12-26,DET,ATL,36:02,7,9,77.778,0,0,0.000,2,4,50.000,16,17.0,7
32,32,2012-12-28,DET,MIA,23:26,5,7,71.429,0,0,0.000,0,0,0.000,10,9.3,12
33,33,2012-12-30,DET,MIL,19:28,4,4,100.000,0,0,0.000,0,0,0.000,8,11.3,3
34,34,2013-01-01,DET,SAC,21:27,3,6,50.000,0,0,0.000,1,2,50.000,7,10.4,11
35,35,2013-01-04,DET,ATL,19:45,3,5,60.000,0,0,0.000,0,0,0.000,6,6.6,8
36,36,2013-01-06,DET,CHARLOTTE BOBCATS,27:31,5,6,83.333,0,0,0.000,0,2,0.000,10,10.6,-13
37,37,2013-01-11,DET,MIL,17:00,4,7,57.143,0,0,0.000,0,0,0.000,8,13.1,-10
38,38,2013-01-12,DET,UTA,20:53,4,5,80.000,0,0,0.000,1,4,25.000,9,7.4,-5
39,39,2013-01-17,DET,NYK,22:32,5,7,71.429,0,0,0.000,1,2,50.000,11,14.8,-12
40,40,2013-01-20,DET,BOS,20:19,5,6,83.333,0,0,0.000,6,8,75.000,16,16.8,2
41,41,2013-01-22,DET,ORL,23:58,5,7,71.429,0,0,0.000,1,4,25.000,11,12.2,13
42,42,2013-01-23,DET,CHI,22:09,4,6,66.667,0,0,0.000,0,0,0.000,8,8.6,-3
43,43,2013-01-25,DET,MIA,25:11,3,6,50.000,0,0,0.000,0,2,0.000,6,6.6,-13
44,44,2013-01-27,DET,ORL,16:22,0,1,0.000,0,0,0.000,0,0,0.000,0,0.5,-1
45,45,2013-01-29,DET,MIL,27:40,9,15,60.000,0,0,0.000,0,1,0.000,18,21.9,-21
46,46,2013-01-30,DET,IND,24:10,1,3,33.333,0,0,0.000,2,10,20.000,4,7.9,-3
47,47,2013-02-01,DET,CLE,18:11,4,4,100.000,0,0,0.000,1,5,20.000,9,7.8,-9
48,48,2013-02-03,DET,LAL,23:22,4,10,40.000,0,0,0.000,1,4,25.000,9,11.2,11
49,49,2013-02-04,DET,NYK,8:19,1,6,16.667,0,0,0.000,0,2,0.000,2,0.8,-3
50,50,2013-02-06,DET,BKN,4:41,0,0,0.000,0,0,0.000,0,0,0.000,0,1.3,-1
51,51,2013-03-29,DET,TOR,18:44,8,10,80.000,0,0,0.000,1,4,25.000,17,13.8,-7
52,52,2013-03-31,DET,CHI,22:37,4,7,57.143,0,0,0.000,0,3,0.000,8,10.2,11
53,53,2013-04-01,DET,TOR,19:43,2,5,40.000,0,0,0.000,0,2,0.000,4,0.5,-9
54,54,2013-04-03,DET,BOS,20:31,4,6,66.667,0,0,0.000,0,3,0.000,8,8.6,-10
55,55,2013-04-06,DET,MIN,30:50,4,5,80.000,0,0,0.000,1,2,50.000,9,9.6,-17
56,56,2013-04-07,DET,CHI,20:01,1,2,50.000,0,0,0.000,1,2,50.000,3,3.0,-3
57,57,2013-04-10,DET,CLE,33:55,10,11,90.909,0,0,0.000,9,17,52.941,29,25.7,3
58,58,2013-04-12,DET,CHARLOTTE BOBCATS,27:33,7,13,53.846,0,0,0.000,1,4,25.000,15,8.3,4
59,59,2013-04-15,DET,PHI,32:43,2,4,50.000,0,0,0.000,1,4,25.000,5,2.7,-3
60,60,2013-04-17,DET,BKN,30:14,5,7,71.429,0,0,0.000,3,3,100.000,13,14.6,-9
1,1,2013-10-30,DET,WAS,26:18,6,7,85.714,0,0,0.000,0,0,0.000,12,10.8,4
2,2,2013-11-01,DET,MEM,47:43,6,13,46.154,0,0,0.000,0,1,0.000,12,14.1,-11
3,3,2013-11-03,DET,BOS,39:39,7,13,53.846,0,0,0.000,1,4,25.000,15,13.9,9
4,4,2013-11-05,DET,IND,34:07,3,5,60.000,0,0,0.000,0,0,0.000,6,5.9,-18
5,5,2013-11-08,DET,OKC,22:41,2,3,66.667,0,0,0.000,0,0,0.000,4,4.2,-9
6,6,2013-11-11,DET,POR,42:27,8,9,88.889,0,0,0.000,0,2,0.000,16,23.4,-3
7,7,2013-11-12,DET,GSW,28:34,8,10,80.000,0,0,0.000,0,0,0.000,16,23.5,1
8,8,2013-11-15,DET,SAC,36:28,7,13,53.846,0,0,0.000,1,3,33.333,15,14.4,7
9,9,2013-11-17,DET,LAL,37:35,7,9,77.778,0,0,0.000,0,2,0.000,14,15.7,-16
10,10,2013-11-19,DET,NYK,35:47,6,7,85.714,0,0,0.000,1,5,20.000,13,14.0,-6
11,11,2013-11-20,DET,ATL,35:08,5,11,45.455,0,0,0.000,0,0,0.000,10,12.2,1
12,12,2013-11-22,DET,ATL,35:17,6,7,85.714,0,0,0.000,3,8,37.500,15,17.1,3
13,13,2013-11-24,DET,BKN,27:07,4,6,66.667,0,0,0.000,1,4,25.000,9,8.8,-5
14,14,2013-11-25,DET,MIL,24:34,6,10,60.000,0,0,0.000,0,0,0.000,12,10.3,13
15,15,2013-11-27,DET,CHI,39:01,5,10,50.000,0,0,0.000,0,2,0.000,10,7.9,-20
16,16,2013-11-29,DET,LAL,16:04,5,10,50.000,0,0,0.000,3,4,75.000,13,13.4,9
17,17,2013-12-01,DET,PHI,32:59,12,15,80.000,0,0,0.000,7,18,38.889,31,34.6,25
18,18,2013-12-03,DET,MIA,22:37,4,7,57.143,0,0,0.000,2,6,33.333,10,14.0,-2
19,19,2013-12-04,DET,MIL,37:37,8,13,61.538,0,0,0.000,8,14,57.143,24,25.1,17
20,20,2013-12-07,DET,CHI,30:29,4,11,36.364,0,0,0.000,0,0,0.000,8,6.8,-2
21,21,2013-12-08,DET,MIA,35:56,8,11,72.727,0,0,0.000,3,6,50.000,19,22.7,-12
22,22,2013-12-10,DET,MIN,28:38,4,9,44.444,0,0,0.000,0,1,0.000,8,6.5,-19
23,23,2013-12-11,DET,NOP,34:53,5,9,55.556,0,0,0.000,0,0,0.000,10,9.1,-13
24,24,2013-12-13,DET,BKN,39:07,8,11,72.727,0,0,0.000,6,8,75.000,22,20.0,-1
25,25,2013-12-15,DET,POR,43:35,6,15,40.000,0,1,0.000,1,5,20.000,13,11.0,7
26,26,2013-12-16,DET,IND,20:42,4,5,80.000,0,0,0.000,1,6,16.667,9,7.6,0
27,27,2013-12-18,DET,BOS,38:14,7,11,63.636,0,0,0.000,0,0,0.000,14,15.4,14
28,28,2013-12-20,DET,CHARLOTTE BOBCATS,34:26,7,13,53.846,0,0,0.000,0,2,0.000,14,14.7,-21
29,29,2013-12-21,DET,HOU,28:37,4,5,80.000,0,0,0.000,1,2,50.000,9,12.8,-17
30,30,2013-12-23,DET,CLE,33:33,7,10,70.000,0,0,0.000,0,2,0.000,14,13.8,19
31,31,2013-12-27,DET,ORL,23:07,5,12,41.667,0,0,0.000,0,4,0.000,10,5.9,-20
32,32,2013-12-28,DET,WAS,28:49,2,5,40.000,0,0,0.000,0,0,0.000,4,3.1,-27
33,33,2013-12-30,DET,WAS,32:18,7,10,70.000,0,0,0.000,2,4,50.000,16,17.3,-16
34,34,2014-01-05,DET,MEM,35:42,6,10,60.000,0,0,0.000,3,8,37.500,15,16.6,-2
35,35,2014-01-07,DET,NYK,35:37,4,8,50.000,0,0,0.000,4,6,66.667,12,14.2,-14
36,36,2014-01-08,DET,TOR,35:23,2,6,33.333,0,0,0.000,2,6,33.333,6,6.2,-24
37,37,2014-01-10,DET,PHI,31:28,5,12,41.667,0,0,0.000,1,3,33.333,11,13.2,4
38,38,2014-01-11,DET,PHX,27:08,5,9,55.556,0,0,0.000,3,7,42.857,13,18.1,2
39,39,2014-01-17,DET,UTA,32:09,3,5,60.000,0,0,0.000,4,8,50.000,10,9.1,-18
40,40,2014-01-18,DET,WAS,27:13,5,6,83.333,0,0,0.000,0,2,0.000,10,9.1,-2
41,41,2014-01-20,DET,LAC,34:13,5,6,83.333,0,0,0.000,5,8,62.500,15,15.9,-4
42,42,2014-01-22,DET,MIL,33:09,4,7,57.143,0,0,0.000,3,4,75.000,11,15.5,-2
43,43,2014-01-24,DET,NOP,39:25,9,17,52.941,0,0,0.000,3,6,50.000,21,21.0,11
44,44,2014-01-26,DET,DAL,26:08,2,5,40.000,0,0,0.000,0,2,0.000,4,3.4,-12
45,45,2014-01-28,DET,ORL,32:32,5,7,71.429,0,0,0.000,3,4,75.000,13,17.8,19
46,46,2014-02-01,DET,PHI,23:05,10,11,90.909,0,0,0.000,2,5,40.000,22,25.6,15
47,47,2014-02-03,DET,MIA,24:07,5,6,83.333,0,0,0.000,2,4,50.000,12,15.9,-6
48,48,2014-02-05,DET,ORL,39:08,6,10,60.000,0,0,0.000,3,5,60.000,15,14.1,-12
49,49,2014-02-07,DET,BKN,39:51,7,12,58.333,0,0,0.000,2,8,25.000,16,15.6,12
50,50,2014-02-08,DET,DEN,35:24,8,13,61.538,0,0,0.000,2,2,100.000,18,23.7,22
51,51,2014-02-10,DET,SAS,26:11,7,10,70.000,0,0,0.000,0,2,0.000,14,14.2,5
52,52,2014-02-12,DET,CLE,35:14,7,13,53.846,0,1,0.000,2,3,66.667,16,17.1,4
53,53,2014-02-18,DET,CHARLOTTE BOBCATS,34:12,8,15,53.333,0,0,0.000,0,2,0.000,16,19.0,-10
54,54,2014-02-19,DET,CHARLOTTE BOBCATS,33:13,4,7,57.143,0,0,0.000,0,0,0.000,8,5.1,-12
55,55,2014-02-21,DET,ATL,33:23,10,11,90.909,0,0,0.000,0,8,0.000,20,20.9,0
56,56,2014-02-22,DET,DAL,19:46,3,6,50.000,0,0,0.000,2,4,50.000,8,5.2,-7
57,57,2014-02-24,DET,GSW,25:22,5,8,62.500,0,0,0.000,1,2,50.000,11,9.8,2
58,58,2014-02-26,DET,SAS,40:04,7,12,58.333,0,0,0.000,2,2,100.000,16,21.9,-11
59,59,2014-03-01,DET,HOU,32:22,8,11,72.727,0,0,0.000,0,1,0.000,16,18.2,-3
60,60,2014-03-03,DET,NYK,46:14,6,9,66.667,0,0,0.000,5,7,71.429,17,26.2,13
61,61,2014-03-05,DET,CHI,38:29,7,8,87.500,0,0,0.000,1,1,100.000,15,16.2,-16
62,62,2014-03-07,DET,MIN,21:17,3,7,42.857,0,0,0.000,0,0,0.000,6,4.6,-9
63,63,2014-03-09,DET,BOS,38:14,8,13,61.538,0,0,0.000,2,3,66.667,18,20.5,-9
64,64,2014-03-11,DET,SAC,32:58,6,9,66.667,0,0,0.000,3,4,75.000,15,14.6,13
65,65,2014-03-12,DET,TOR,33:40,6,10,60.000,0,0,0.000,4,8,50.000,16,15.0,-33
66,66,2014-03-15,DET,IND,5:28,2,4,50.000,0,0,0.000,0,0,0.000,4,1.5,-1
67,67,2014-03-21,DET,PHX,36:23,5,7,71.429,0,0,0.000,3,7,42.857,13,13.8,-7
68,68,2014-03-22,DET,LAC,37:49,8,12,66.667,0,0,0.000,0,0,0.000,16,15.3,-13
69,69,2014-03-24,DET,UTA,34:01,9,10,90.000,0,0,0.000,1,3,33.333,19,18.2,12
70,70,2014-03-26,DET,CLE,26:14,3,6,50.000,0,0,0.000,0,4,0.000,6,2.6,-3
71,71,2014-03-28,DET,MIA,34:58,4,7,57.143,0,0,0.000,1,2,50.000,9,10.7,-27
72,72,2014-03-29,DET,PHI,24:15,3,5,60.000,0,0,0.000,2,6,33.333,8,6.6,-26
73,73,2014-03-31,DET,MIL,28:13,5,9,55.556,0,0,0.000,0,0,0.000,10,12.1,23
74,74,2014-04-02,DET,IND,31:20,5,9,55.556,0,0,0.000,3,6,50.000,13,13.0,-5
75,75,2014-04-04,DET,BKN,42:15,10,14,71.429,0,0,0.000,3,7,42.857,23,25.8,1
76,76,2014-04-05,DET,BOS,40:20,9,11,81.818,0,0,0.000,1,2,50.000,19,21.2,9
77,77,2014-04-08,DET,ATL,31:01,7,9,77.778,0,0,0.000,5,11,45.455,19,19.6,1
78,78,2014-04-09,DET,CLE,29:18,5,10,50.000,0,0,0.000,1,7,14.286,11,7.8,-17
79,79,2014-04-11,DET,CHI,41:51,11,17,64.706,0,0,0.000,4,9,44.444,26,29.2,1
80,80,2014-04-13,DET,TOR,31:16,5,9,55.556,0,0,0.000,4,8,50.000,14,16.1,2
81,81,2014-04-16,DET,OKC,27:54,9,16,56.250,0,0,0.000,4,8,50.000,22,20.2,9
1,1,2014-10-29,DET,DEN,27:03,5,10,50.000,0,0,0.000,1,4,25.000,11,8.7,3
2,2,2014-10-30,DET,MIN,31:19,5,14,35.714,0,0,0.000,1,4,25.000,11,4.5,-3
3,3,2014-11-01,DET,BKN,21:33,6,9,66.667,0,0,0.000,2,4,50.000,14,12.3,-8
4,4,2014-11-05,DET,NYK,28:52,3,10,30.000,0,0,0.000,1,4,25.000,7,3.7,9
5,5,2014-11-07,DET,MIL,26:22,5,10,50.000,0,0,0.000,1,2,50.000,11,9.4,-4
6,6,2014-11-09,DET,UTA,31:07,5,11,45.455,0,0,0.000,1,2,50.000,11,11.0,-7
7,7,2014-11-10,DET,CHI,36:27,0,5,0.000,0,0,0.000,2,4,50.000,2,-0.8,-4
8,8,2014-11-12,DET,WAS,23:08,1,3,33.333,0,0,0.000,0,0,0.000,2,0.3,-4
9,9,2014-11-14,DET,OKC,32:03,4,11,36.364,0,0,0.000,1,1,100.000,9,8.9,-11
10,10,2014-11-15,DET,MEM,20:18,2,4,50.000,0,0,0.000,2,4,50.000,6,4.7,-8
11,11,2014-11-17,DET,ORL,28:20,5,12,41.667,0,0,0.000,2,4,50.000,12,7.9,-10
12,12,2014-11-19,DET,PHX,25:11,2,10,20.000,0,0,0.000,0,2,0.000,4,-1.4,1
13,13,2014-11-21,DET,ATL,38:20,5,12,41.667,0,0,0.000,3,4,75.000,13,13.1,-13
14,14,2014-11-25,DET,MIL,32:23,11,15,73.333,0,0,0.000,1,2,50.000,23,18.8,-3
15,15,2014-11-26,DET,LAC,37:33,6,11,54.545,0,0,0.000,5,9,55.556,17,17.8,-2
16,16,2014-11-28,DET,MIL,38:27,12,19,63.158,0,0,0.000,2,4,50.000,26,23.0,-2
17,17,2014-11-30,DET,GSW,23:58,1,8,12.500,0,0,0.000,0,0,0.000,2,-0.8,-13
18,18,2014-12-02,DET,LAL,25:01,3,9,33.333,0,0,0.000,2,4,50.000,8,9.5,-13
19,19,2014-12-03,DET,BOS,42:06,12,18,66.667,0,0,0.000,3,8,37.500,27,27.3,-1
20,20,2014-12-06,DET,PHI,20:36,3,6,50.000,0,0,0.000,1,2,50.000,7,8.0,-4
21,21,2014-12-07,DET,OKC,32:26,7,12,58.333,0,0,0.000,2,4,50.000,16,14.6,7
22,22,2014-12-09,DET,POR,30:24,3,12,25.000,0,0,0.000,4,7,57.143,10,11.0,-6
23,23,2014-12-12,DET,PHX,30:27,10,14,71.429,0,0,0.000,3,4,75.000,23,24.0,3
24,24,2014-12-13,DET,SAC,26:14,6,10,60.000,0,0,0.000,0,1,0.000,12,12.3,3
25,25,2014-12-15,DET,LAC,36:39,8,16,50.000,0,0,0.000,2,6,33.333,18,16.4,-26
26,26,2014-12-17,DET,DAL,41:25,9,16,56.250,0,1,0.000,1,6,16.667,19,21.8,-6
27,27,2014-12-19,DET,TOR,20:42,3,7,42.857,0,0,0.000,1,2,50.000,7,6.9,-8
28,28,2014-12-21,DET,BKN,27:50,7,15,46.667,0,0,0.000,4,8,50.000,18,17.0,-7
29,29,2014-12-26,DET,IND,27:48,9,12,75.000,0,0,0.000,2,8,25.000,20,13.1,2
30,30,2014-12-28,DET,CLE,33:37,8,12,66.667,0,0,0.000,0,2,0.000,16,19.6,18
31,31,2014-12-30,DET,ORL,30:45,6,11,54.545,0,0,0.000,5,16,31.250,17,22.6,17
32,32,2015-01-02,DET,NYK,34:05,3,5,60.000,0,0,0.000,1,6,16.667,7,13.6,26
33,33,2015-01-04,DET,SAC,28:16,6,11,54.545,0,0,0.000,3,5,60.000,15,15.2,17
34,34,2015-01-06,DET,SAS,34:34,8,10,80.000,0,0,0.000,4,9,44.444,20,19.6,7
35,35,2015-01-07,DET,DAL,30:01,3,11,27.273,0,0,0.000,0,0,0.000,6,9.2,2
36,36,2015-01-09,DET,ATL,17:02,2,6,33.333,0,0,0.000,0,2,0.000,4,4.0,-13
37,37,2015-01-10,DET,BKN,28:18,6,9,66.667,0,0,0.000,2,3,66.667,14,12.8,11
38,38,2015-01-12,DET,TOR,28:20,3,12,25.000,0,0,0.000,4,6,66.667,10,10.2,8
39,39,2015-01-14,DET,NOP,22:09,1,4,25.000,0,0,0.000,0,0,0.000,2,1.8,-20
40,40,2015-01-16,DET,IND,29:18,6,14,42.857,0,0,0.000,4,4,100.000,16,14.8,-2
41,41,2015-01-17,DET,PHI,30:14,4,15,26.667,0,0,0.000,0,0,0.000,8,7.9,7
42,42,2015-01-19,DET,ATL,27:10,5,9,55.556,0,0,0.000,3,12,25.000,13,10.1,-6
43,43,2015-01-21,DET,ORL,30:18,10,14,71.429,0,0,0.000,6,8,75.000,26,25.9,14
44,44,2015-01-24,DET,MIL,21:03,5,9,55.556,0,0,0.000,0,4,0.000,10,4.5,-24
45,45,2015-01-25,DET,TOR,27:09,7,11,63.636,0,0,0.000,0,1,0.000,14,12.7,-12
46,46,2015-01-27,DET,CLE,34:42,6,17,35.294,0,0,0.000,0,4,0.000,12,11.4,-7
47,47,2015-01-28,DET,PHI,19:14,3,7,42.857,0,0,0.000,0,0,0.000,6,3.1,-15
48,48,2015-01-31,DET,HOU,33:07,5,11,45.455,0,0,0.000,1,7,14.286,11,13.6,11
49,49,2015-02-03,DET,MIA,33:41,6,11,54.545,0,0,0.000,2,2,100.000,14,16.6,35
50,50,2015-02-04,DET,IND,33:05,9,15,60.000,0,0,0.000,0,0,0.000,18,18.2,-4
51,51,2015-02-06,DET,DEN,32:22,6,13,46.154,0,0,0.000,1,4,25.000,13,10.4,12
52,52,2015-02-08,DET,MIN,28:48,8,8,100.000,0,0,0.000,1,4,25.000,17,17.5,-14
53,53,2015-02-10,DET,CHA,29:03,7,14,50.000,0,0,0.000,0,0,0.000,14,10.0,12
54,54,2015-02-11,DET,SAS,34:08,4,10,40.000,0,0,0.000,2,6,33.333,10,7.1,-19
55,55,2015-02-20,DET,CHI,38:56,7,18,38.889,0,0,0.000,4,13,30.769,18,11.9,4
56,56,2015-02-22,DET,WAS,32:53,8,11,72.727,0,0,0.000,2,4,50.000,18,19.8,23
57,57,2015-02-24,DET,CLE,33:58,8,14,57.143,0,0,0.000,1,6,16.667,17,11.5,-5
58,58,2015-02-27,DET,NYK,40:48,9,11,81.818,0,0,0.000,3,7,42.857,21,20.3,-6
59,59,2015-02-28,DET,WAS,31:05,5,8,62.500,0,0,0.000,3,10,30.000,13,8.6,-17
60,60,2015-03-04,DET,NOP,34:29,6,13,46.154,0,0,0.000,1,2,50.000,13,15.6,6
61,61,2015-03-06,DET,HOU,31:21,4,16,25.000,0,0,0.000,0,3,0.000,8,7.5,5
62,62,2015-03-08,DET,CHA,23:35,7,13,53.846,0,0,0.000,2,4,50.000,16,10.7,4
63,63,2015-03-10,DET,LAL,31:43,7,12,58.333,0,0,0.000,0,0,0.000,14,18.1,0
64,64,2015-03-11,DET,GSW,33:32,11,23,47.826,0,0,0.000,0,2,0.000,22,22.2,-8
65,65,2015-03-13,DET,POR,34:25,8,17,47.059,0,0,0.000,0,2,0.000,16,13.6,-12
66,66,2015-03-14,DET,UTA,10:58,2,4,50.000,0,0,0.000,0,2,0.000,4,0.4,-4
67,67,2015-03-17,DET,MEM,38:37,6,12,50.000,0,0,0.000,4,6,66.667,16,20.4,15
68,68,2015-03-18,DET,PHI,32:17,3,8,37.500,0,0,0.000,3,3,100.000,9,11.4,-3
69,69,2015-03-21,DET,CHI,27:05,7,13,53.846,0,0,0.000,0,2,0.000,14,10.3,6
70,70,2015-03-22,DET,BOS,40:12,8,17,47.059,0,0,0.000,2,11,18.182,18,18.1,12
71,71,2015-03-24,DET,TOR,33:16,8,21,38.095,0,0,0.000,5,10,50.000,21,20.1,7
72,72,2015-03-27,DET,ORL,27:34,7,9,77.778,0,0,0.000,2,5,40.000,16,15.8,17
73,73,2015-03-29,DET,MIA,39:02,14,17,82.353,0,0,0.000,4,7,57.143,32,33.3,1
74,74,2015-03-31,DET,ATL,31:05,8,11,72.727,0,0,0.000,6,11,54.545,22,23.8,12
75,75,2015-04-01,DET,CHA,28:04,6,15,40.000,0,0,0.000,1,7,14.286,13,5.4,-29
76,76,2015-04-03,DET,CHI,42:32,5,12,41.667,0,0,0.000,4,6,66.667,14,14.0,-6
77,77,2015-04-04,DET,MIA,34:36,5,8,62.500,0,0,0.000,1,1,100.000,11,13.7,24
78,78,2015-04-08,DET,BOS,27:16,11,19,57.895,0,1,0.000,0,3,0.000,22,13.6,-11
79,79,2015-04-10,DET,IND,34:11,5,12,41.667,0,0,0.000,1,5,20.000,11,9.8,-16
80,80,2015-04-12,DET,CHA,32:15,7,12,58.333,0,0,0.000,1,3,33.333,15,17.9,15
81,81,2015-04-13,DET,CLE,39:19,10,13,76.923,0,0,0.000,0,5,0.000,20,17.1,-20
82,82,2015-04-15,DET,NYK,22:18,7,12,58.333,0,0,0.000,3,6,50.000,17,16.0,1
1,1,2015-10-27,DET,ATL,37:09,6,16,37.500,0,0,0.000,6,10,60.000,18,17.4,23
2,2,2015-10-28,DET,UTA,36:07,5,11,45.455,0,0,0.000,8,11,72.727,18,16.5,14
3,3,2015-10-30,DET,CHI,39:05,8,19,42.105,0,0,0.000,4,10,40.000,20,16.3,12
4,4,2015-11-03,DET,IND,43:13,12,17,70.588,0,0,0.000,1,2,50.000,25,29.1,8
5,5,2015-11-06,DET,PHX,36:09,5,9,55.556,0,0,0.000,2,13,15.385,12,8.1,1
6,6,2015-11-08,DET,POR,35:52,14,19,73.684,0,0,0.000,1,6,16.667,29,32.9,14
7,7,2015-11-09,DET,GSW,34:53,7,16,43.750,0,0,0.000,0,2,0.000,14,11.2,-5
8,8,2015-11-11,DET,SAC,34:37,7,13,53.846,0,0,0.000,0,2,0.000,14,10.6,-15
9,9,2015-11-14,DET,LAC,33:49,6,13,46.154,0,0,0.000,6,14,42.857,18,15.3,-10
10,10,2015-11-15,DET,LAL,40:42,8,18,44.444,0,0,0.000,1,2,50.000,17,13.0,-5
11,11,2015-11-17,DET,CLE,39:14,10,15,66.667,0,0,0.000,5,9,55.556,25,24.6,17
12,12,2015-11-20,DET,MIN,29:03,10,13,76.923,0,0,0.000,1,2,50.000,21,16.3,9
13,13,2015-11-21,DET,WAS,37:06,3,6,50.000,0,0,0.000,2,4,50.000,8,7.6,8
14,14,2015-11-23,DET,MIL,24:11,6,14,42.857,0,0,0.000,3,4,75.000,15,16.2,-18
15,15,2015-11-25,DET,MIA,32:41,9,18,50.000,0,0,0.000,0,1,0.000,18,22.3,14
16,16,2015-11-27,DET,OKC,32:26,7,16,43.750,0,0,0.000,1,2,50.000,15,8.3,-5
17,17,2015-11-29,DET,BKN,36:44,9,19,47.368,0,0,0.000,2,11,18.182,20,16.4,3
18,18,2015-11-30,DET,HOU,27:14,10,15,66.667,0,0,0.000,4,18,22.222,24,21.7,13
19,19,2015-12-02,DET,PHX,42:07,8,16,50.000,0,1,0.000,6,17,35.294,22,13.9,6
20,20,2015-12-04,DET,MIL,35:52,7,18,38.889,0,0,0.000,3,10,30.000,17,15.2,-2
21,21,2015-12-06,DET,LAL,24:11,8,12,66.667,0,0,0.000,2,5,40.000,18,17.9,19
22,22,2015-12-07,DET,CHA,23:34,4,7,57.143,0,0,0.000,1,4,25.000,9,8.7,-11
23,23,2015-12-09,DET,MEM,36:30,8,15,53.333,0,0,0.000,2,5,40.000,18,17.0,4
24,24,2015-12-11,DET,PHI,32:52,8,17,47.059,0,0,0.000,2,6,33.333,18,19.5,27
25,25,2015-12-12,DET,IND,28:17,4,11,36.364,0,0,0.000,0,2,0.000,8,5.5,20
26,26,2015-12-14,DET,LAC,40:20,8,17,47.059,0,0,0.000,4,8,50.000,20,13.3,-9
27,27,2015-12-16,DET,BOS,34:33,6,10,60.000,1,1,100.000,3,10,30.000,16,13.3,1
28,28,2015-12-18,DET,CHI,54:12,14,25,56.000,0,0,0.000,5,10,50.000,33,31.5,-3
29,29,2015-12-22,DET,MIA,34:16,4,12,33.333,0,0,0.000,3,6,50.000,11,8.1,2
30,30,2015-12-23,DET,ATL,36:04,9,13,69.231,0,0,0.000,7,18,38.889,25,20.4,1
31,31,2015-12-26,DET,BOS,35:55,9,21,42.857,0,0,0.000,4,10,40.000,22,19.6,-11
32,32,2015-12-29,DET,NYK,36:04,5,15,33.333,0,0,0.000,3,7,42.857,13,6.1,-7
33,33,2015-12-31,DET,MIN,30:44,11,14,78.571,0,0,0.000,1,7,14.286,23,19.7,16
34,34,2016-01-02,DET,IND,35:51,5,12,41.667,0,0,0.000,1,8,12.500,11,10.2,-18
35,35,2016-01-04,DET,ORL,28:34,8,14,57.143,0,0,0.000,1,4,25.000,17,15.9,9
36,36,2016-01-06,DET,BOS,21:29,6,8,75.000,0,0,0.000,1,5,20.000,13,10.9,-11
37,37,2016-01-09,DET,BKN,33:05,11,15,73.333,0,0,0.000,1,3,33.333,23,22.4,7
38,38,2016-01-12,DET,SAS,27:55,8,13,61.538,0,0,0.000,1,6,16.667,17,13.8,-1
39,39,2016-01-14,DET,MEM,33:45,5,11,45.455,0,0,0.000,1,4,25.000,11,6.7,19
40,40,2016-01-16,DET,GSW,38:32,6,20,30.000,0,0,0.000,2,6,33.333,14,7.0,3
41,41,2016-01-18,DET,CHI,33:47,5,9,55.556,0,0,0.000,3,10,30.000,13,12.2,5
42,42,2016-01-20,DET,HOU,23:13,2,4,50.000,0,0,0.000,13,36,36.111,17,11.4,10
43,43,2016-01-21,DET,NOP,35:42,8,17,47.059,0,1,0.000,3,5,60.000,19,21.6,-8
44,44,2016-01-23,DET,DEN,18:26,2,5,40.000,0,0,0.000,0,4,0.000,4,2.5,-1
45,45,2016-01-25,DET,UTA,29:20,3,9,33.333,0,0,0.000,1,10,10.000,7,-1.1,6
46,46,2016-01-27,DET,PHI,35:22,9,16,56.250,0,0,0.000,7,12,58.333,25,24.7,2
47,47,2016-01-29,DET,CLE,34:56,9,14,64.286,0,0,0.000,2,8,25.000,20,15.7,-21
48,48,2016-01-30,DET,TOR,27:43,5,9,55.556,0,0,0.000,1,9,11.111,11,7.0,-18
49,49,2016-02-01,DET,BKN,37:23,10,15,66.667,0,0,0.000,1,3,33.333,21,21.1,11
50,50,2016-02-03,DET,BOS,32:47,6,11,54.545,0,0,0.000,4,6,66.667,16,13.8,-5
51,51,2016-02-04,DET,NYK,31:38,7,12,58.333,0,0,0.000,3,9,33.333,17,10.2,-5
52,52,2016-02-06,DET,IND,36:54,4,7,57.143,0,0,0.000,2,8,25.000,10,5.3,-6
53,53,2016-02-08,DET,TOR,30:12,4,10,40.000,1,1,100.000,3,8,37.500,12,8.9,-3
54,54,2016-02-10,DET,DEN,39:27,7,22,31.818,0,1,0.000,1,1,100.000,15,15.2,-8
55,55,2016-02-19,DET,WAS,33:50,4,10,40.000,0,1,0.000,3,6,50.000,11,9.5,-24
56,56,2016-02-21,DET,NOP,35:21,9,13,69.231,0,0,0.000,3,10,30.000,21,22.9,-7
57,57,2016-02-22,DET,CLE,35:26,4,8,50.000,0,0,0.000,8,14,57.143,16,15.1,7
58,58,2016-02-24,DET,PHI,26:41,4,7,57.143,0,0,0.000,4,8,50.000,12,11.6,16
59,59,2016-02-27,DET,MIL,34:11,7,17,41.176,0,0,0.000,1,6,16.667,15,16.4,6
60,60,2016-02-28,DET,TOR,30:14,6,10,60.000,0,0,0.000,3,8,37.500,15,17.4,19
61,61,2016-03-02,DET,SAS,26:41,4,6,66.667,0,0,0.000,1,8,12.500,9,7.2,-12
62,62,2016-03-05,DET,NYK,36:04,10,20,50.000,0,0,0.000,1,3,33.333,21,16.4,-10
63,63,2016-03-06,DET,POR,26:38,7,11,63.636,0,0,0.000,0,2,0.000,14,15.1,14
64,64,2016-03-09,DET,DAL,33:56,10,19,52.632,0,0,0.000,5,14,35.714,25,17.8,0
65,65,2016-03-11,DET,CHA,23:21,1,1,100.000,0,0,0.000,3,6,50.000,5,4.1,-12
66,66,2016-03-12,DET,PHI,34:46,8,12,66.667,0,0,0.000,3,4,75.000,19,17.2,7
67,67,2016-03-14,DET,WAS,26:38,3,9,33.333,0,0,0.000,1,2,50.000,7,4.9,-28
68,68,2016-03-16,DET,ATL,34:04,5,12,41.667,0,0,0.000,8,17,47.059,18,12.9,1
69,69,2016-03-18,DET,SAC,28:16,7,9,77.778,0,0,0.000,0,1,0.000,14,15.8,11
70,70,2016-03-19,DET,BKN,29:29,8,14,57.143,0,0,0.000,0,6,0.000,16,9.1,3
71,71,2016-03-21,DET,MIL,33:07,7,16,43.750,0,0,0.000,0,1,0.000,14,13.4,-3
72,72,2016-03-23,DET,ORL,35:21,14,20,70.000,0,0,0.000,2,3,66.667,30,26.9,11
73,73,2016-03-25,DET,CHA,29:12,9,14,64.286,0,0,0.000,0,2,0.000,18,18.9,17
74,74,2016-03-26,DET,ATL,31:27,7,11,63.636,0,0,0.000,5,9,55.556,19,20.0,-6
75,75,2016-03-29,DET,OKC,34:14,6,9,66.667,0,0,0.000,1,2,50.000,13,12.4,11
76,76,2016-04-01,DET,DAL,35:27,5,15,33.333,0,0,0.000,2,10,20.000,12,8.3,16
77,77,2016-04-02,DET,CHI,27:40,5,10,50.000,0,0,0.000,1,10,10.000,11,10.3,-2
78,78,2016-04-05,DET,MIA,29:52,5,9,55.556,0,0,0.000,2,6,33.333,12,9.4,-11
79,79,2016-04-06,DET,ORL,33:16,5,14,35.714,0,0,0.000,3,6,50.000,13,12.9,0
80,80,2016-04-08,DET,WAS,25:34,3,10,30.000,0,0,0.000,2,5,40.000,8,5.7,8
81,81,2016-04-12,DET,MIA,32:54,4,11,36.364,0,0,0.000,1,4,25.000,9,9.8,-5
1,1,2016-10-26,DET,TOR,24:09,7,11,63.636,0,0,0.000,2,6,33.333,16,6.7,-8
2,2,2016-10-28,DET,ORL,27:34,5,14,35.714,0,0,0.000,2,2,100.000,12,13.1,19
3,3,2016-10-30,DET,MIL,36:48,8,16,50.000,0,0,0.000,4,8,50.000,20,24.9,9
4,4,2016-11-01,DET,NYK,35:18,4,13,30.769,0,0,0.000,1,6,16.667,9,6.9,11
5,5,2016-11-02,DET,BKN,25:10,3,9,33.333,0,0,0.000,0,0,0.000,6,4.1,-5
6,6,2016-11-05,DET,DEN,33:55,6,11,54.545,0,0,0.000,7,11,63.636,19,18.0,13
7,7,2016-11-07,DET,LAC,24:52,6,10,60.000,0,0,0.000,3,5,60.000,15,13.3,-28
8,8,2016-11-09,DET,PHX,35:05,7,13,53.846,0,0,0.000,4,6,66.667,18,17.2,-14
9,9,2016-11-11,DET,SAS,32:50,8,10,80.000,1,1,100.000,3,3,100.000,20,18.6,-6
10,10,2016-11-12,DET,DEN,26:41,7,11,63.636,0,0,0.000,0,2,0.000,14,14.3,6
11,11,2016-11-16,DET,NYK,29:15,7,13,53.846,0,0,0.000,1,2,50.000,15,8.2,-16
12,12,2016-11-18,DET,CLE,26:45,4,12,33.333,0,0,0.000,0,0,0.000,8,6.5,-28
13,13,2016-11-19,DET,BOS,30:54,9,16,56.250,0,0,0.000,2,6,33.333,20,15.3,1
14,14,2016-11-21,DET,HOU,34:01,6,18,33.333,0,0,0.000,1,6,16.667,13,8.9,-8
15,15,2016-11-23,DET,MIA,26:17,9,12,75.000,0,0,0.000,0,1,0.000,18,25.2,33
16,16,2016-11-25,DET,LAC,26:27,8,11,72.727,0,0,0.000,0,2,0.000,16,15.4,10
17,17,2016-11-26,DET,OKC,35:42,5,10,50.000,0,0,0.000,0,0,0.000,10,11.8,-22
18,18,2016-11-29,DET,CHA,12:58,1,6,16.667,0,0,0.000,1,1,100.000,3,3.1,1
19,19,2016-11-30,DET,BOS,35:03,8,13,61.538,0,0,0.000,4,7,57.143,20,21.7,5
20,20,2016-12-02,DET,ATL,28:18,6,9,66.667,0,0,0.000,2,4,50.000,14,14.4,25
21,21,2016-12-04,DET,ORL,34:55,5,11,45.455,0,0,0.000,0,4,0.000,10,10.0,1
22,22,2016-12-06,DET,CHI,24:42,7,13,53.846,0,0,0.000,1,4,25.000,15,13.6,-5
23,23,2016-12-07,DET,CHA,34:04,11,14,78.571,0,0,0.000,4,7,57.143,26,25.3,4
24,24,2016-12-09,DET,MIN,28:03,10,13,76.923,0,0,0.000,2,4,50.000,22,24.0,7
25,25,2016-12-11,DET,PHI,36:28,6,14,42.857,0,0,0.000,2,4,50.000,14,14.1,-17
26,26,2016-12-14,DET,DAL,26:53,1,3,33.333,0,0,0.000,1,2,50.000,3,1.7,-8
27,27,2016-12-16,DET,WAS,30:17,5,7,71.429,0,0,0.000,3,6,50.000,13,12.0,-16
28,28,2016-12-17,DET,IND,34:54,4,11,36.364,0,0,0.000,1,4,25.000,9,8.1,-10
29,29,2016-12-19,DET,CHI,23:17,4,8,50.000,0,0,0.000,1,2,50.000,9,7.6,-27
30,30,2016-12-21,DET,MEM,38:23,3,8,37.500,0,0,0.000,7,10,70.000,13,12.0,-8
31,31,2016-12-23,DET,GSW,30:28,6,7,85.714,0,0,0.000,3,9,33.333,15,12.0,-4
32,32,2016-12-26,DET,CLE,28:14,5,15,33.333,0,1,0.000,1,7,14.286,11,10.8,0
33,33,2016-12-28,DET,MIL,26:01,7,13,53.846,0,0,0.000,2,6,33.333,16,11.6,-12
34,34,2016-12-30,DET,ATL,34:45,5,12,41.667,0,0,0.000,5,7,71.429,15,9.5,-5
35,35,2017-01-01,DET,MIA,36:06,12,19,63.158,0,0,0.000,1,6,16.667,25,21.1,0
36,36,2017-01-03,DET,IND,35:07,9,16,56.250,0,0,0.000,2,2,100.000,20,21.6,-5
37,37,2017-01-05,DET,CHA,25:04,7,15,46.667,0,0,0.000,2,3,66.667,16,9.8,-8
38,38,2017-01-08,DET,POR,51:54,13,20,65.000,0,0,0.000,2,3,66.667,28,26.6,5
39,39,2017-01-10,DET,SAC,35:06,4,5,80.000,0,0,0.000,1,6,16.667,9,14.5,-14
40,40,2017-01-12,DET,GSW,27:16,5,6,83.333,0,0,0.000,2,4,50.000,12,8.6,-14
41,41,2017-01-13,DET,UTA,33:29,4,7,57.143,0,0,0.000,1,4,25.000,9,10.5,-14
42,42,2017-01-15,DET,LAL,31:41,6,17,35.294,1,1,100.000,2,5,40.000,15,12.1,-5
43,43,2017-01-18,DET,ATL,23:15,6,15,40.000,0,0,0.000,1,6,16.667,13,11.8,15
44,44,2017-01-21,DET,WAS,17:39,1,2,50.000,0,0,0.000,1,4,25.000,3,3.4,-5
45,45,2017-01-23,DET,SAC,36:03,6,11,54.545,0,1,0.000,2,5,40.000,14,11.0,3
46,46,2017-01-28,DET,MIA,35:10,8,15,53.333,0,1,0.000,1,3,33.333,17,21.3,-8
47,47,2017-01-30,DET,BOS,40:40,12,19,63.158,0,0,0.000,4,7,57.143,28,31.4,0
48,48,2017-02-01,DET,NOP,25:49,8,13,61.538,0,0,0.000,1,2,50.000,17,12.7,-8
49,49,2017-02-03,DET,MIN,29:05,6,14,42.857,0,0,0.000,0,0,0.000,12,12.3,8
50,50,2017-02-04,DET,IND,31:16,5,8,62.500,0,0,0.000,3,5,60.000,13,7.7,-23
51,51,2017-02-06,DET,PHI,25:45,8,14,57.143,0,1,0.000,0,0,0.000,16,18.3,27
52,52,2017-02-08,DET,LAL,28:25,12,19,63.158,0,0,0.000,0,3,0.000,24,23.8,13
53,53,2017-02-10,DET,SAS,36:37,5,17,29.412,0,0,0.000,2,5,40.000,12,9.9,-8
54,54,2017-02-12,DET,TOR,27:27,3,10,30.000,0,0,0.000,4,8,50.000,10,10.7,-10
55,55,2017-02-13,DET,MIL,34:16,8,16,50.000,0,0,0.000,5,9,55.556,21,14.8,-7
56,56,2017-02-15,DET,DAL,18:53,4,8,50.000,0,0,0.000,1,2,50.000,9,8.4,1
57,57,2017-02-23,DET,CHA,25:33,6,10,60.000,0,0,0.000,0,0,0.000,12,10.5,-20
58,58,2017-02-26,DET,BOS,35:57,8,13,61.538,0,0,0.000,1,11,9.091,17,10.6,-13
59,59,2017-02-28,DET,POR,30:21,8,14,57.143,0,0,0.000,3,8,37.500,19,17.2,9
60,60,2017-03-01,DET,NOP,28:52,6,13,46.154,0,0,0.000,1,10,10.000,13,10.9,-12
61,61,2017-03-04,DET,PHI,31:47,7,13,53.846,0,0,0.000,0,0,0.000,14,20.0,29
62,62,2017-03-06,DET,CHI,29:30,5,8,62.500,0,0,0.000,4,8,50.000,14,12.5,4
63,63,2017-03-08,DET,IND,26:22,6,11,54.545,0,0,0.000,2,5,40.000,14,14.5,-14
64,64,2017-03-09,DET,CLE,35:46,10,14,71.429,0,0,0.000,0,1,0.000,20,22.0,9
65,65,2017-03-11,DET,NYK,30:02,10,12,83.333,0,0,0.000,4,10,40.000,24,24.2,13
66,66,2017-03-14,DET,CLE,26:37,4,12,33.333,0,1,0.000,0,0,0.000,8,6.3,-29
67,67,2017-03-15,DET,UTA,20:03,3,4,75.000,0,0,0.000,0,0,0.000,6,5.7,-13
68,68,2017-03-17,DET,TOR,35:50,4,10,40.000,0,0,0.000,0,4,0.000,8,7.3,-16
69,69,2017-03-19,DET,PHX,28:21,7,10,70.000,0,0,0.000,4,11,36.364,18,16.6,9
70,70,2017-03-21,DET,BKN,30:33,6,12,50.000,0,0,0.000,1,3,33.333,13,13.5,-6
71,71,2017-03-22,DET,CHI,26:15,4,12,33.333,0,0,0.000,0,4,0.000,8,6.0,-16
72,72,2017-03-24,DET,ORL,19:52,3,8,37.500,0,0,0.000,0,2,0.000,6,6.9,-23
73,73,2017-03-27,DET,NYK,24:52,5,7,71.429,0,0,0.000,0,4,0.000,10,12.7,-12
74,74,2017-03-28,DET,MIA,33:40,4,7,57.143,0,0,0.000,1,3,33.333,9,12.8,-3
75,75,2017-03-30,DET,BKN,29:05,0,1,0.000,0,0,0.000,2,4,50.000,2,6.2,-3
76,76,2017-03-31,DET,MIL,31:28,3,6,50.000,0,0,0.000,1,4,25.000,7,8.3,-7
77,77,2017-04-05,DET,TOR,29:26,4,7,57.143,0,0,0.000,3,10,30.000,11,8.9,3
78,78,2017-04-07,DET,HOU,20:11,4,11,36.364,0,0,0.000,0,2,0.000,8,5.3,-5
79,79,2017-04-09,DET,MEM,25:08,2,6,33.333,0,0,0.000,1,2,50.000,5,7.2,3
80,80,2017-04-10,DET,WAS,23:51,5,8,62.500,0,0,0.000,0,0,0.000,10,10.5,-1
81,81,2017-04-12,DET,ORL,24:34,4,9,44.444,0,0,0.000,1,3,33.333,9,9.5,-1
1,1,2017-10-18,DET,CHA,22:21,3,9,33.333,0,0,0.000,2,2,100.000,8,12.8,8
2,2,2017-10-20,DET,WAS,26:22,4,9,44.444,0,0,0.000,1,1,100.000,9,9.3,-7
3,3,2017-10-21,DET,NYK,38:19,9,11,81.818,0,0,0.000,3,3,100.000,21,18.3,7
4,4,2017-10-23,DET,PHI,38:11,5,9,55.556,0,0,0.000,4,6,66.667,14,17.5,-11
5,5,2017-10-25,DET,MIN,27:52,6,10,60.000,0,0,0.000,3,6,50.000,15,15.4,4
6,6,2017-10-28,DET,LAC,33:56,7,10,70.000,0,0,0.000,1,2,50.000,15,18.1,12
7,7,2017-10-29,DET,GSW,40:33,4,17,23.529,0,0,0.000,0,0,0.000,8,10.0,1
8,8,2017-10-31,DET,LAL,35:04,5,9,55.556,0,0,0.000,0,0,0.000,10,15.0,-10
9,9,2017-11-03,DET,MIL,27:45,5,7,71.429,0,0,0.000,14,16,87.500,24,26.9,-8
10,10,2017-11-04,DET,SAC,36:21,7,10,70.000,0,0,0.000,2,4,50.000,16,21.6,8
11,11,2017-11-08,DET,IND,33:39,7,9,77.778,0,0,0.000,0,7,0.000,14,13.5,28
12,12,2017-11-10,DET,ATL,37:28,6,15,40.000,0,0,0.000,4,6,66.667,16,16.6,6
13,13,2017-11-12,DET,MIA,36:07,3,8,37.500,0,0,0.000,2,4,50.000,8,9.2,11
14,14,2017-11-15,DET,MIL,29:18,4,9,44.444,0,0,0.000,5,8,62.500,13,13.6,-7
15,15,2017-11-17,DET,IND,35:25,5,10,50.000,0,0,0.000,1,2,50.000,11,12.9,-12
16,16,2017-11-19,DET,MIN,33:17,8,15,53.333,0,0,0.000,4,5,80.000,20,18.7,-5
17,17,2017-11-20,DET,CLE,24:56,3,7,42.857,0,0,0.000,2,6,33.333,8,2.2,-19
18,18,2017-11-24,DET,OKC,37:33,8,14,57.143,0,0,0.000,1,3,33.333,17,11.3,2
19,19,2017-11-27,DET,BOS,39:50,10,12,83.333,0,0,0.000,6,8,75.000,26,32.6,13
20,20,2017-11-29,DET,PHX,27:52,5,8,62.500,0,0,0.000,3,3,100.000,13,16.1,18
21,21,2017-12-01,DET,WAS,36:43,5,10,50.000,0,1,0.000,4,5,80.000,14,18.6,-11
22,22,2017-12-02,DET,PHI,35:01,4,8,50.000,0,1,0.000,6,8,75.000,14,19.4,8
23,23,2017-12-04,DET,SAS,31:42,4,8,50.000,0,0,0.000,3,6,50.000,11,14.2,7
24,24,2017-12-06,DET,MIL,37:13,12,16,75.000,0,0,0.000,3,8,37.500,27,28.6,9
25,25,2017-12-08,DET,GSW,34:03,2,9,22.222,0,0,0.000,4,10,40.000,8,8.3,-12
26,26,2017-12-10,DET,BOS,31:10,1,5,20.000,0,0,0.000,4,6,66.667,6,5.5,-14
27,27,2017-12-12,DET,DEN,26:48,1,4,25.000,0,0,0.000,3,4,75.000,5,3.4,-29
28,28,2017-12-14,DET,ATL,31:50,4,11,36.364,0,0,0.000,4,4,100.000,12,18.6,4
29,29,2017-12-15,DET,IND,32:07,9,14,64.286,0,0,0.000,5,8,62.500,23,23.5,-5
30,30,2017-12-17,DET,ORL,29:01,5,11,45.455,0,0,0.000,2,2,100.000,12,11.5,1
31,31,2017-12-20,DET,DAL,21:54,5,7,71.429,0,0,0.000,1,2,50.000,11,10.2,10
32,32,2017-12-22,DET,NYK,26:01,8,16,50.000,0,0,0.000,2,4,50.000,18,16.4,-10
33,33,2017-12-26,DET,IND,32:48,9,13,69.231,0,0,0.000,3,4,75.000,21,20.6,35
34,34,2017-12-28,DET,ORL,37:48,7,15,46.667,0,0,0.000,3,4,75.000,17,18.5,-6
35,35,2017-12-30,DET,SAS,38:09,6,11,54.545,0,0,0.000,2,4,50.000,14,21.8,16
36,36,2018-01-05,DET,PHI,28:41,4,8,50.000,0,0,0.000,2,2,100.000,10,11.3,-28
37,37,2018-01-08,DET,NOP,38:31,8,14,57.143,0,0,0.000,0,2,0.000,16,14.4,-11
38,38,2018-01-10,DET,BKN,30:35,9,15,60.000,0,1,0.000,4,6,66.667,22,25.6,16
39,39,2018-01-13,DET,CHI,33:31,8,13,61.538,0,0,0.000,5,6,83.333,21,27.5,-6
40,40,2018-01-15,DET,CHA,33:42,1,7,14.286,0,0,0.000,1,2,50.000,3,5.1,-1
41,41,2018-01-17,DET,TOR,37:36,12,15,80.000,0,0,0.000,1,3,33.333,25,29.0,-6
42,42,2018-01-19,DET,WAS,42:39,4,5,80.000,0,0,0.000,6,8,75.000,14,21.6,3
43,43,2018-01-21,DET,BKN,26:21,3,8,37.500,0,1,0.000,1,2,50.000,7,8.8,-6
44,44,2018-01-24,DET,UTA,39:28,11,17,64.706,0,1,0.000,8,12,66.667,30,34.7,-3
45,45,2018-01-27,DET,OKC,30:34,5,11,45.455,0,1,0.000,2,6,33.333,12,11.7,-30
46,46,2018-01-28,DET,CLE,35:04,7,14,50.000,0,0,0.000,3,4,75.000,17,16.4,-22
47,47,2018-01-30,DET,CLE,37:35,9,12,75.000,0,0,0.000,3,7,42.857,21,29.0,18
48,48,2018-02-01,DET,MEM,28:14,7,15,46.667,0,0,0.000,0,2,0.000,14,12.0,1
49,49,2018-02-03,DET,MIA,35:36,11,15,73.333,0,0,0.000,1,3,33.333,23,25.6,16
50,50,2018-02-05,DET,POR,33:56,7,12,58.333,0,0,0.000,3,4,75.000,17,19.1,12
51,51,2018-02-07,DET,BKN,35:38,5,17,29.412,0,0,0.000,7,10,70.000,17,21.2,9
52,52,2018-02-09,DET,LAC,37:39,5,15,33.333,0,0,0.000,2,3,66.667,12,11.1,-17
53,53,2018-02-11,DET,ATL,37:13,8,14,57.143,0,0,0.000,9,13,69.231,25,26.0,0
54,54,2018-02-12,DET,NOP,35:07,4,12,33.333,0,0,0.000,5,8,62.500,13,12.7,-12
55,55,2018-02-14,DET,ATL,35:02,5,10,50.000,0,0,0.000,3,3,100.000,13,13.4,2
56,56,2018-02-23,DET,BOS,31:16,6,8,75.000,0,0,0.000,3,4,75.000,15,19.6,-4
57,57,2018-02-25,DET,CHA,32:23,7,13,53.846,0,0,0.000,0,1,0.000,14,12.6,-15
58,58,2018-02-26,DET,TOR,34:56,8,18,44.444,0,0,0.000,2,2,100.000,18,20.7,-16
59,59,2018-02-28,DET,MIL,26:32,6,12,50.000,0,1,0.000,3,5,60.000,15,17.1,10
60,60,2018-03-02,DET,ORL,38:30,5,11,45.455,0,0,0.000,0,4,0.000,10,5.6,-13
61,61,2018-03-03,DET,MIA,37:31,9,16,56.250,0,0,0.000,4,8,50.000,22,23.2,-8
62,62,2018-03-05,DET,CLE,29:47,5,5,100.000,0,0,0.000,5,5,100.000,15,15.0,-11
63,63,2018-03-07,DET,TOR,37:09,5,15,33.333,0,0,0.000,0,0,0.000,10,9.4,-14
64,64,2018-03-09,DET,CHI,29:58,2,7,28.571,0,0,0.000,1,4,25.000,5,10.9,18
65,65,2018-03-13,DET,UTA,23:56,4,8,50.000,0,0,0.000,5,8,62.500,13,11.8,-22
66,66,2018-03-15,DET,DEN,33:31,9,18,50.000,0,0,0.000,3,8,37.500,21,17.0,-3
67,67,2018-03-17,DET,POR,37:09,6,9,66.667,0,0,0.000,6,8,75.000,18,21.1,-15
68,68,2018-03-19,DET,SAC,30:36,2,7,28.571,0,0,0.000,0,2,0.000,4,4.0,12
69,69,2018-03-20,DET,PHX,25:35,4,9,44.444,0,0,0.000,2,3,66.667,10,8.0,12
70,70,2018-03-22,DET,HOU,42:39,6,13,46.154,0,0,0.000,5,10,50.000,17,15.3,-4
71,71,2018-03-24,DET,CHI,35:48,6,9,66.667,0,0,0.000,3,4,75.000,15,29.1,20
72,72,2018-03-26,DET,LAL,39:23,5,16,31.250,0,1,0.000,5,6,83.333,15,9.5,9
73,73,2018-03-29,DET,WAS,37:52,10,16,62.500,0,0,0.000,4,7,57.143,24,26.2,19
74,74,2018-03-31,DET,NYK,37:12,8,13,61.538,0,0,0.000,6,8,75.000,22,21.7,-6
75,75,2018-04-01,DET,BKN,24:42,4,7,57.143,0,0,0.000,5,6,83.333,13,14.0,6
76,76,2018-04-04,DET,PHI,37:40,5,10,50.000,0,1,0.000,3,7,42.857,13,8.3,-11
77,77,2018-04-06,DET,DAL,42:20,9,13,69.231,0,1,0.000,1,6,16.667,19,19.8,9
78,78,2018-04-08,DET,MEM,41:18,6,13,46.154,0,1,0.000,0,2,0.000,12,14.0,-1
1,1,2018-10-17,DET,BKN,32:12,10,21,47.619,1,3,33.333,3,4,75.000,24,18.6,-9
2,2,2018-10-20,DET,CHI,23:33,5,13,38.462,0,2,0.000,0,0,0.000,10,5.7,0
3,3,2018-10-23,DET,PHI,35:33,6,20,30.000,0,2,0.000,2,4,50.000,14,7.6,4
4,4,2018-10-25,DET,CLE,36:38,11,17,64.706,0,0,0.000,4,6,66.667,26,20.8,10
5,5,2018-10-27,DET,BOS,29:26,8,12,66.667,0,0,0.000,2,4,50.000,18,12.7,-17
6,6,2018-10-30,DET,BOS,31:15,8,17,47.059,0,0,0.000,1,4,25.000,17,14.8,1
7,7,2018-10-31,DET,BKN,37:54,8,14,57.143,0,1,0.000,8,10,80.000,24,25.8,-11
8,8,2018-11-03,DET,PHI,20:46,3,8,37.500,0,1,0.000,2,5,40.000,8,3.9,3
9,9,2018-11-05,DET,MIA,44:05,11,19,57.895,0,0,0.000,3,9,33.333,25,23.9,6
10,10,2018-11-07,DET,ORL,35:08,10,16,62.500,1,1,100.000,2,2,100.000,23,27.8,-8
11,11,2018-11-09,DET,ATL,32:35,10,15,66.667,0,1,0.000,3,7,42.857,23,19.7,22
12,12,2018-11-11,DET,CHA,36:41,9,16,56.250,0,0,0.000,5,7,71.429,23,27.3,4
13,13,2018-11-14,DET,TOR,35:56,5,13,38.462,0,0,0.000,1,4,25.000,11,7.8,-3
14,14,2018-11-19,DET,CLE,38:40,10,19,52.632,0,1,0.000,3,3,100.000,23,24.3,11
15,15,2018-11-21,DET,HOU,27:45,8,12,66.667,1,2,50.000,3,9,33.333,20,15.5,8
16,16,2018-11-23,DET,HOU,44:15,9,18,50.000,0,1,0.000,5,8,62.500,23,28.2,16
17,17,2018-11-25,DET,PHX,30:41,9,14,64.286,0,0,0.000,1,8,12.500,19,18.7,-3
18,18,2018-11-27,DET,NYK,30:12,3,9,33.333,0,0,0.000,0,4,0.000,6,2.1,-13
19,19,2018-11-30,DET,CHI,29:55,9,16,56.250,0,0,0.000,1,2,50.000,19,23.2,24
20,20,2018-12-01,DET,GSW,33:29,7,14,50.000,0,2,0.000,2,8,25.000,16,14.7,1
21,21,2018-12-03,DET,OKC,22:53,6,14,42.857,0,1,0.000,1,2,50.000,13,5.4,-22
22,22,2018-12-05,DET,MIL,30:29,4,10,40.000,0,0,0.000,2,4,50.000,10,3.7,-17
23,23,2018-12-07,DET,PHI,33:43,7,19,36.842,0,1,0.000,7,7,100.000,21,17.1,-7
24,24,2018-12-09,DET,NOP,34:43,10,23,43.478,0,1,0.000,3,6,50.000,23,16.2,-9
25,25,2018-12-10,DET,PHI,37:12,8,12,66.667,0,0,0.000,5,11,45.455,21,22.4,-6
26,26,2018-12-12,DET,CHA,31:44,6,12,50.000,0,0,0.000,2,3,66.667,14,13.4,-2
27,27,2018-12-15,DET,BOS,32:58,6,14,42.857,0,0,0.000,7,9,77.778,19,23.4,12
28,28,2018-12-17,DET,MIL,34:15,4,12,33.333,0,0,0.000,2,2,100.000,10,9.9,-3
29,29,2018-12-19,DET,MIN,42:29,5,7,71.429,1,1,100.000,5,9,55.556,16,15.4,3
30,30,2018-12-21,DET,CHA,37:45,8,18,44.444,0,2,0.000,1,4,25.000,17,12.5,-12
31,31,2018-12-23,DET,ATL,28:57,6,12,50.000,0,0,0.000,1,6,16.667,13,14.0,-13
32,32,2018-12-26,DET,WAS,35:18,6,11,54.545,0,0,0.000,4,4,100.000,16,16.4,16
33,33,2018-12-28,DET,IND,25:39,6,11,54.545,0,1,0.000,0,0,0.000,12,11.6,-12
34,34,2018-12-30,DET,ORL,24:59,7,13,53.846,0,1,0.000,0,0,0.000,14,11.4,-9
35,35,2019-01-01,DET,MIL,30:16,6,12,50.000,0,0,0.000,3,5,60.000,15,12.0,-14
36,36,2019-01-02,DET,MEM,38:27,4,13,30.769,0,0,0.000,3,5,60.000,11,8.8,13
37,37,2019-01-05,DET,UTA,37:32,7,10,70.000,0,0,0.000,1,4,25.000,15,14.5,10
38,38,2019-01-07,DET,SAS,36:53,9,14,64.286,0,0,0.000,1,3,33.333,19,16.3,-15
39,39,2019-01-09,DET,LAL,32:14,2,12,16.667,0,3,0.000,2,6,33.333,6,5.9,-4
40,40,2019-01-10,DET,SAC,31:29,5,9,55.556,0,0,0.000,2,3,66.667,12,4.1,-16
41,41,2019-01-12,DET,LAC,41:39,8,13,61.538,0,1,0.000,4,5,80.000,20,23.1,18
42,42,2019-01-14,DET,UTA,35:24,6,17,35.294,0,1,0.000,3,4,75.000,15,12.7,-6
43,43,2019-01-16,DET,ORL,38:16,7,15,46.667,0,0,0.000,0,0,0.000,14,14.9,-12
44,44,2019-01-18,DET,MIA,7:14,0,1,0.000,0,0,0.000,0,0,0.000,0,0.5,9
45,45,2019-01-25,DET,DAL,38:05,9,16,56.250,0,0,0.000,5,8,62.500,23,21.9,0
46,46,2019-01-29,DET,MIL,35:34,8,15,53.333,0,0,0.000,4,5,80.000,20,23.3,-8
47,47,2019-01-31,DET,DAL,36:36,11,13,84.615,0,0,0.000,2,2,100.000,24,25.8,2
48,48,2019-02-02,DET,LAC,22:40,5,8,62.500,0,1,0.000,2,4,50.000,12,11.9,-2
49,49,2019-02-04,DET,DEN,25:49,12,14,85.714,0,0,0.000,3,3,100.000,27,28.6,16
50,50,2019-02-05,DET,NYK,36:28,7,12,58.333,0,1,0.000,3,6,50.000,17,19.3,13
51,51,2019-02-08,DET,NYK,33:13,12,15,80.000,0,0,0.000,5,6,83.333,29,32.0,39
52,52,2019-02-11,DET,WAS,35:35,12,19,63.158,0,1,0.000,8,10,80.000,32,31.9,15
53,53,2019-02-13,DET,BOS,34:36,8,14,57.143,0,0,0.000,5,8,62.500,21,19.9,1
54,54,2019-02-22,DET,ATL,39:14,9,13,69.231,0,0,0.000,8,16,50.000,26,29.9,20
55,55,2019-02-23,DET,MIA,31:06,4,6,66.667,0,0,0.000,4,4,100.000,12,14.6,9
56,56,2019-02-25,DET,IND,38:23,12,21,57.143,0,0,0.000,2,4,50.000,26,26.3,2
57,57,2019-02-27,DET,SAS,37:14,5,14,35.714,0,1,0.000,0,0,0.000,10,13.1,-14
58,58,2019-03-02,DET,CLE,25:33,3,5,60.000,0,0,0.000,7,8,87.500,13,13.2,26
59,59,2019-03-03,DET,TOR,28:08,5,10,50.000,0,1,0.000,5,8,62.500,15,14.3,27
60,60,2019-03-06,DET,MIN,38:57,11,18,61.111,1,1,100.000,8,10,80.000,31,30.2,12
61,61,2019-03-08,DET,CHI,43:12,9,15,60.000,0,1,0.000,2,5,40.000,20,21.9,8
62,62,2019-03-10,DET,CHI,29:50,6,6,100.000,0,0,0.000,4,7,57.143,16,19.0,25
63,63,2019-03-11,DET,BKN,29:03,5,14,35.714,0,0,0.000,3,4,75.000,13,15.3,-27
64,64,2019-03-13,DET,MIA,24:00,1,3,33.333,0,0,0.000,3,4,75.000,5,1.2,-7
65,65,2019-03-15,DET,LAL,37:10,8,15,53.333,0,0,0.000,3,6,50.000,19,22.8,25
66,66,2019-03-17,DET,TOR,33:04,5,8,62.500,0,0,0.000,5,5,100.000,15,19.0,-7
67,67,2019-03-18,DET,CLE,38:22,9,20,45.000,0,0,0.000,3,6,50.000,21,23.7,2
68,68,2019-03-21,DET,PHX,32:02,7,18,38.889,0,0,0.000,2,3,66.667,16,17.7,12
69,69,2019-03-23,DET,POR,38:41,6,11,54.545,0,0,0.000,7,7,100.000,19,19.4,4
70,70,2019-03-24,DET,GSW,34:16,4,9,44.444,0,0,0.000,4,4,100.000,12,12.6,-14
71,71,2019-03-26,DET,DEN,29:22,5,15,33.333,0,0,0.000,3,5,60.000,13,13.7,11
72,72,2019-03-28,DET,ORL,38:12,9,10,90.000,0,0,0.000,0,3,0.000,18,25.4,21
73,73,2019-03-30,DET,POR,37:56,9,13,69.231,0,0,0.000,4,6,66.667,22,26.9,14
74,74,2019-04-01,DET,IND,37:14,8,18,44.444,0,1,0.000,2,5,40.000,18,18.2,-10
75,75,2019-04-03,DET,IND,43:22,11,16,68.750,0,0,0.000,6,11,54.545,28,28.5,-12
76,76,2019-04-05,DET,OKC,26:53,2,3,66.667,0,0,0.000,0,2,0.000,4,3.7,-6
77,77,2019-04-07,DET,CHA,42:16,6,12,50.000,0,0,0.000,3,4,75.000,15,20.7,-10
78,78,2019-04-09,DET,MEM,38:14,6,11,54.545,0,0,0.000,8,12,66.667,20,23.8,17
79,79,2019-04-10,DET,NYK,27:33,10,15,66.667,0,0,0.000,0,1,0.000,20,18.0,26
1,1,2019-10-23,DET,IND,40:48,12,18,66.667,0,1,0.000,8,10,80.000,32,36.7,4
2,2,2019-10-24,DET,ATL,36:45,8,12,66.667,0,0,0.000,5,6,83.333,21,19.9,-15
3,3,2019-10-26,DET,PHI,24:38,5,10,50.000,0,0,0.000,3,10,30.000,13,7.7,-1
4,4,2019-10-28,DET,IND,38:18,8,15,53.333,0,1,0.000,2,3,66.667,18,12.2,3
5,5,2019-10-30,DET,TOR,35:20,10,17,58.824,0,0,0.000,1,2,50.000,21,18.7,-22
6,6,2019-11-01,DET,CHI,35:06,11,17,64.706,0,2,0.000,3,5,60.000,25,25.2,-8
7,7,2019-11-02,DET,BKN,38:51,10,16,62.500,0,1,0.000,5,6,83.333,25,29.7,8
8,8,2019-11-04,DET,WAS,38:49,6,20,30.000,0,1,0.000,3,3,100.000,15,14.0,-5
9,9,2019-11-06,DET,NYK,34:54,12,16,75.000,0,0,0.000,3,4,75.000,27,26.9,24
10,10,2019-11-08,DET,IND,33:36,6,14,42.857,0,2,0.000,3,4,75.000,15,11.8,9
11,11,2019-11-11,DET,MIN,29:00,4,12,33.333,0,0,0.000,3,3,100.000,11,12.8,8
12,12,2019-11-12,DET,MIA,27:39,6,9,66.667,0,0,0.000,4,6,66.667,16,11.6,-9
13,13,2019-11-15,DET,CHA,38:09,8,16,50.000,0,0,0.000,0,0,0.000,16,11.4,2
14,14,2019-11-20,DET,CHI,33:31,3,10,30.000,0,1,0.000,0,0,0.000,6,6.7,-7
15,15,2019-11-22,DET,ATL,27:33,10,16,62.500,0,1,0.000,3,4,75.000,23,21.6,11
16,16,2019-11-23,DET,MIL,36:47,5,10,50.000,0,0,0.000,2,4,50.000,12,10.7,-18
17,17,2019-11-25,DET,ORL,30:19,3,6,50.000,0,0,0.000,1,2,50.000,7,7.4,11
18,18,2019-11-27,DET,CHA,37:56,6,11,54.545,0,0,0.000,2,5,40.000,14,14.9,-5
19,19,2019-11-29,DET,CHA,37:38,7,12,58.333,0,0,0.000,1,4,25.000,15,16.0,-3
20,20,2019-12-01,DET,SAS,25:59,4,8,50.000,0,0,0.000,1,4,25.000,9,11.5,2
21,21,2019-12-03,DET,CLE,30:52,7,15,46.667,0,0,0.000,3,4,75.000,17,22.3,19
22,22,2019-12-04,DET,MIL,32:54,11,17,64.706,0,1,0.000,1,4,25.000,23,23.9,-7
23,23,2019-12-06,DET,IND,40:51,9,17,52.941,0,1,0.000,7,9,77.778,25,27.4,17
24,24,2019-12-09,DET,NOP,24:32,4,11,36.364,0,0,0.000,5,6,83.333,13,8.5,2
25,25,2019-12-12,DET,DAL,34:25,10,14,71.429,0,1,0.000,3,6,50.000,23,22.1,-15
26,26,2019-12-18,DET,TOR,37:14,9,16,56.250,0,0,0.000,4,7,57.143,22,19.6,-14
27,27,2019-12-20,DET,BOS,30:51,5,11,45.455,0,1,0.000,2,6,33.333,12,11.6,-14
28,28,2019-12-21,DET,CHI,37:05,8,17,47.059,0,1,0.000,3,4,75.000,19,16.5,-9
29,29,2019-12-23,DET,PHI,32:27,13,16,81.250,0,0,0.000,1,2,50.000,27,25.4,-2
30,30,2019-12-26,DET,WAS,24:30,5,6,83.333,0,0,0.000,4,7,57.143,14,10.5,11
31,31,2019-12-28,DET,SAS,37:26,7,16,43.750,0,1,0.000,7,12,58.333,21,23.1,-29
32,32,2019-12-30,DET,UTA,36:30,5,16,31.250,0,0,0.000,5,8,62.500,15,9.9,-19
33,33,2020-01-02,DET,LAC,26:52,3,10,30.000,0,2,0.000,4,6,66.667,10,5.9,-21
34,34,2020-01-04,DET,GSW,28:39,7,14,50.000,0,0,0.000,0,0,0.000,14,14.5,12
35,35,2020-01-05,DET,LAL,40:31,2,13,15.385,0,1,0.000,8,9,88.889,12,9.7,-1
36,36,2020-01-07,DET,CLE,38:26,8,12,66.667,0,0,0.000,7,9,77.778,23,28.3,7
37,37,2020-01-09,DET,CLE,49:00,13,24,54.167,0,0,0.000,2,5,40.000,28,24.7,-6
38,38,2020-01-11,DET,CHI,19:23,3,5,60.000,1,1,100.000,2,6,33.333,9,7.7,-14
39,39,2020-01-13,DET,NOP,22:29,5,14,35.714,0,0,0.000,1,4,25.000,11,7.8,-12
40,40,2020-01-15,DET,BOS,37:39,6,6,100.000,0,0,0.000,1,5,20.000,13,15.1,26
41,41,2020-01-18,DET,ATL,26:59,7,15,46.667,0,0,0.000,2,4,50.000,16,18.6,22
42,42,2020-01-20,DET,WAS,35:18,7,11,63.636,0,0,0.000,4,7,57.143,18,16.4,-2
43,43,2020-01-25,DET,BKN,40:31,8,20,40.000,0,1,0.000,4,8,50.000,20,16.5,-20
44,44,2020-01-27,DET,CLE,32:12,7,12,58.333,0,0,0.000,1,2,50.000,15,14.6,-18
45,45,2020-01-29,DET,BKN,35:08,5,16,31.250,0,0,0.000,2,6,33.333,12,7.1,-17
46,46,2020-01-31,DET,TOR,35:12,7,12,58.333,0,0,0.000,6,12,50.000,20,16.3,-1
47,47,2020-02-02,DET,DEN,30:12,9,17,52.941,0,0,0.000,3,4,75.000,21,19.6,-1
48,48,2020-02-03,DET,MEM,35:55,12,22,54.545,0,0,0.000,1,3,33.333,25,21.4,-18
49,49,2020-02-05,DET,PHX,38:08,14,19,73.684,0,0,0.000,3,5,60.000,31,33.4,14
50,50,2020-02-09,CLE,LAC,28:59,7,17,41.176,2,3,66.667,3,7,42.857,19,15.7,-22
51,51,2020-02-12,CLE,ATL,22:08,6,10,60.000,0,1,0.000,2,3,66.667,14,11.8,0
52,52,2020-02-21,CLE,WAS,21:51,6,11,54.545,0,1,0.000,0,2,0.000,12,7.3,-4
53,53,2020-02-22,CLE,MIA,24:41,3,3,100.000,0,0,0.000,0,0,0.000,6,3.8,-25
54,54,2020-02-24,CLE,MIA,23:39,5,13,38.462,2,4,50.000,1,4,25.000,13,6.1,-15
55,55,2020-02-29,CLE,IND,35:36,12,21,57.143,0,3,0.000,3,3,100.000,27,26.7,-18
56,56,2020-03-08,CLE,SAS,33:07,11,16,68.750,0,2,0.000,6,11,54.545,28,25.7,18
57,57,2020-03-10,CLE,CHI,34:32,8,14,57.143,0,0,0.000,5,9,55.556,21,11.8,-4
1,1,2020-12-23,CLE,CHA,27:13,7,18,38.889,0,1,0.000,0,0,0.000,14,7.6,-5
2,2,2020-12-26,CLE,DET,43:40,7,21,33.333,0,2,0.000,9,14,64.286,23,19.5,10
3,3,2020-12-27,CLE,PHI,25:40,11,18,61.111,0,0,0.000,2,4,50.000,24,26.7,27
4,4,2020-12-29,CLE,NYK,33:28,7,13,53.846,0,1,0.000,4,10,40.000,18,19.0,-5
5,5,2020-12-31,CLE,IND,25:02,4,11,36.364,0,0,0.000,3,4,75.000,11,9.5,5
6,6,2021-01-02,CLE,ATL,20:21,6,10,60.000,0,0,0.000,0,0,0.000,12,7.5,-8
7,7,2021-01-04,CLE,ORL,32:13,5,14,35.714,0,1,0.000,0,2,0.000,10,10.0,-16
8,8,2021-01-06,CLE,ORL,26:18,9,16,56.250,0,0,0.000,1,4,25.000,19,12.9,-12
9,9,2021-01-07,CLE,MEM,37:21,9,20,45.000,0,0,0.000,4,6,66.667,22,13.8,0
10,10,2021-01-09,CLE,MIL,41:17,11,23,47.826,0,1,0.000,4,5,80.000,26,19.3,-2
11,11,2021-01-11,CLE,MEM,34:38,8,16,50.000,0,0,0.000,3,9,33.333,19,12.9,-20
12,12,2021-01-15,CLE,NYK,39:36,10,18,55.556,0,1,0.000,13,19,68.421,33,33.2,12
13,13,2021-01-20,CLE,BKN,25:44,6,13,46.154,0,0,0.000,1,1,100.000,13,7.1,-5
14,14,2021-01-22,CLE,BKN,27:28,8,13,61.538,0,0,0.000,3,4,75.000,19,19.8,13
15,15,2021-01-24,CLE,BOS,17:45,4,9,44.444,0,0,0.000,3,6,50.000,11,5.0,-29
16,16,2021-01-25,CLE,LAL,28:02,11,21,52.381,0,0,0.000,3,3,100.000,25,19.7,4
17,17,2021-01-27,CLE,DET,28:01,9,24,37.500,0,0,0.000,5,8,62.500,23,18.8,6
18,18,2021-01-29,CLE,NYK,23:55,2,7,28.571,0,0,0.000,0,0,0.000,4,8.8,1
19,19,2021-01-31,CLE,MIN,32:42,9,18,50.000,0,0,0.000,7,10,70.000,25,23.3,1
20,20,2021-02-03,CLE,LAC,22:15,4,13,30.769,0,0,0.000,5,7,71.429,13,4.2,-33
21,21,2021-02-05,CLE,MIL,29:42,9,19,47.368,0,1,0.000,0,0,0.000,18,15.6,-3
22,22,2021-02-06,CLE,MIL,30:11,12,17,70.588,0,0,0.000,4,5,80.000,28,22.8,-4
23,23,2021-02-08,CLE,PHX,35:54,7,12,58.333,0,0,0.000,1,5,20.000,15,18.4,3
24,24,2021-02-10,CLE,DEN,16:14,2,7,28.571,0,0,0.000,0,0,0.000,4,0.6,-28
25,25,2021-02-12,CLE,POR,17:09,3,9,33.333,0,0,0.000,2,3,66.667,8,4.2,-20
26,26,2021-03-31,LAL,MIL,14:19,2,6,33.333,0,0,0.000,0,2,0.000,4,-2.4,-8
27,27,2021-04-08,LAL,MIA,26:51,5,9,55.556,0,0,0.000,5,6,83.333,15,14.6,-1
28,28,2021-04-10,LAL,BKN,22:22,8,15,53.333,0,0,0.000,4,6,66.667,20,14.3,18
29,29,2021-04-12,LAL,NYK,25:02,1,3,33.333,0,0,0.000,1,2,50.000,3,0.4,-5
30,30,2021-04-13,LAL,CHA,24:20,2,7,28.571,0,0,0.000,0,0,0.000,4,5.2,-5
31,31,2021-04-17,LAL,UTA,30:28,10,15,66.667,0,0,0.000,7,8,87.500,27,24.5,18
32,32,2021-04-19,LAL,UTA,28:12,3,12,25.000,0,0,0.000,2,5,40.000,8,4.0,-15
33,33,2021-04-22,LAL,DAL,30:40,5,10,50.000,0,0,0.000,4,4,100.000,14,17.7,14
34,34,2021-04-24,LAL,DAL,29:32,3,5,60.000,0,0,0.000,0,0,0.000,6,8.2,-19
35,35,2021-04-26,LAL,ORL,25:09,6,8,75.000,0,0,0.000,1,2,50.000,13,14.7,6
36,36,2021-04-28,LAL,WAS,20:29,8,12,66.667,0,0,0.000,1,4,25.000,17,15.8,-9
37,37,2021-04-30,LAL,SAC,24:25,7,11,63.636,0,0,0.000,3,4,75.000,17,12.8,-3
38,38,2021-05-02,LAL,TOR,25:36,8,14,57.143,0,0,0.000,3,4,75.000,19,17.0,3
39,39,2021-05-03,LAL,DEN,21:31,2,5,40.000,0,0,0.000,0,1,0.000,4,-1.4,-11
40,40,2021-05-06,LAL,LAC,22:26,3,5,60.000,0,0,0.000,3,6,50.000,9,6.8,-7
41,41,2021-05-07,LAL,POR,21:40,2,4,50.000,0,0,0.000,0,0,0.000,4,1.1,-2
42,42,2021-05-09,LAL,PHX,19:39,2,7,28.571,0,0,0.000,2,2,100.000,6,5.5,3
43,43,2021-05-11,LAL,NYK,35:31,6,11,54.545,0,0,0.000,4,7,57.143,16,19.0,8
44,44,2021-05-12,LAL,HOU,21:45,9,13,69.231,0,0,0.000,2,5,40.000,20,16.0,9
45,45,2021-05-15,LAL,IND,28:50,4,9,44.444,0,0,0.000,3,5,60.000,11,11.6,10
46,46,2021-05-16,LAL,NOP,21:02,6,11,54.545,0,0,0.000,1,3,33.333,13,12.2,-1
1,1,2021-10-20,PHI,NOP,19:03,2,4,50.000,0,0,0.000,2,3,66.667,6,10.2,22
2,2,2021-10-22,PHI,BKN,18:17,2,3,66.667,0,1,0.000,0,0,0.000,4,9.9,-1
3,3,2021-10-26,PHI,NYK,14:23,2,5,40.000,0,0,0.000,2,2,100.000,6,7.2,-9
4,4,2021-10-28,PHI,DET,14:25,1,2,50.000,0,0,0.000,0,0,0.000,2,-3.5,0
5,5,2021-10-30,PHI,ATL,13:04,4,6,66.667,0,0,0.000,0,0,0.000,8,7.6,7
6,6,2021-11-01,PHI,POR,33:34,5,11,45.455,0,0,0.000,4,4,100.000,14,23.4,15
7,7,2021-11-03,PHI,CHI,13:55,0,3,0.000,0,0,0.000,2,2,100.000,2,2.3,-5
8,8,2021-11-04,PHI,DET,17:58,3,6,50.000,0,0,0.000,2,6,33.333,8,9.7,20
9,9,2021-11-06,PHI,CHI,13:58,1,3,33.333,0,0,0.000,1,2,50.000,3,-0.8,-7
10,10,2021-11-08,PHI,NYK,38:24,5,9,55.556,0,0,0.000,4,6,66.667,14,19.9,-5
11,11,2021-11-09,PHI,MIL,33:06,8,13,61.538,0,0,0.000,1,2,50.000,17,19.8,-12
12,12,2021-11-11,PHI,TOR,30:25,2,8,25.000,0,0,0.000,0,0,0.000,4,9.3,-2
13,13,2021-11-13,PHI,IND,30:47,4,12,33.333,0,0,0.000,3,6,50.000,11,12.3,11
14,14,2021-11-16,PHI,UTA,12:18,3,6,50.000,0,0,0.000,0,1,0.000,6,4.8,-22
15,15,2021-11-18,PHI,DEN,28:42,2,5,40.000,0,0,0.000,0,1,0.000,4,0.4,-6
16,16,2021-11-20,PHI,POR,22:51,3,3,100.000,0,0,0.000,0,0,0.000,6,8.5,-8
17,17,2021-11-22,PHI,SAC,31:12,3,8,37.500,0,0,0.000,3,6,50.000,9,14.7,19
18,18,2021-11-24,PHI,GSW,27:12,0,5,0.000,0,0,0.000,1,2,50.000,1,-3.3,-12
19,19,2021-11-27,PHI,MIN,12:36,1,1,100.000,0,0,0.000,0,0,0.000,2,1.2,-10
20,20,2021-11-29,PHI,ORL,18:08,3,4,75.000,0,0,0.000,1,3,33.333,7,9.3,2
21,21,2021-12-01,PHI,BOS,14:46,2,2,100.000,0,0,0.000,0,0,0.000,4,8.2,8
22,22,2021-12-03,PHI,ATL,11:52,2,2,100.000,0,0,0.000,0,1,0.000,4,8.0,-13
23,23,2021-12-06,PHI,CHA,12:20,3,5,60.000,0,0,0.000,0,2,0.000,6,6.2,-4
24,24,2021-12-08,PHI,CHA,15:28,2,2,100.000,0,0,0.000,4,4,100.000,8,10.0,5
25,25,2021-12-09,PHI,UTA,10:08,0,1,0.000,0,0,0.000,0,0,0.000,0,-1.9,-11
26,26,2021-12-11,PHI,GSW,15:29,4,5,80.000,0,0,0.000,1,2,50.000,9,12.9,18
27,27,2021-12-13,PHI,MEM,20:44,3,7,42.857,0,0,0.000,0,0,0.000,6,8.0,-13
28,28,2021-12-15,PHI,MIA,10:47,0,0,0.000,0,0,0.000,0,0,0.000,0,1.8,-12
29,29,2021-12-16,PHI,BKN,14:47,2,2,100.000,0,0,0.000,0,0,0.000,4,6.8,-4
30,30,2021-12-30,PHI,BKN,15:58,5,8,62.500,0,0,0.000,0,1,0.000,10,10.6,8
31,31,2022-01-03,PHI,HOU,16:39,3,5,60.000,0,0,0.000,2,2,100.000,8,11.3,6
32,32,2022-01-05,PHI,ORL,18:16,5,8,62.500,0,0,0.000,2,3,66.667,12,16.7,14
33,33,2022-01-07,PHI,SAS,13:37,2,4,50.000,0,0,0.000,1,2,50.000,5,4.8,-7
34,34,2022-01-10,PHI,HOU,17:05,6,8,75.000,0,0,0.000,1,3,33.333,13,15.6,13
35,35,2022-01-12,PHI,CHA,19:41,1,2,50.000,0,0,0.000,0,4,0.000,2,2.1,4
36,36,2022-01-14,PHI,BOS,15:36,4,5,80.000,0,0,0.000,1,2,50.000,9,10.1,-8
37,37,2022-01-15,PHI,MIA,11:09,0,0,0.000,0,0,0.000,1,2,50.000,1,2.1,-5
38,38,2022-01-17,PHI,WAS,15:02,1,2,50.000,0,0,0.000,0,0,0.000,2,3.2,-5
39,39,2022-01-19,PHI,ORL,17:11,4,8,50.000,0,0,0.000,1,1,100.000,9,5.1,-2
40,40,2022-01-21,PHI,LAC,11:28,2,5,40.000,0,0,0.000,1,2,50.000,5,5.8,5
41,41,2022-01-23,PHI,SAS,16:20,3,5,60.000,0,0,0.000,0,2,0.000,6,3.7,-2
42,42,2022-01-25,PHI,NOP,14:39,2,4,50.000,0,1,0.000,0,0,0.000,4,4.8,4
43,43,2022-01-27,PHI,LAL,13:20,1,3,33.333,0,0,0.000,0,0,0.000,2,4.7,-3
44,44,2022-01-29,PHI,SAC,13:05,1,1,100.000,0,0,0.000,1,2,50.000,3,4.0,-3
45,45,2022-01-31,PHI,MEM,42:59,8,11,72.727,0,0,0.000,0,1,0.000,16,24.6,-1
46,46,2022-02-02,PHI,WAS,12:53,2,4,50.000,0,0,0.000,0,0,0.000,4,4.9,-7
47,47,2022-02-04,PHI,DAL,15:00,3,5,60.000,0,0,0.000,0,0,0.000,6,7.2,8
48,48,2022-02-06,PHI,CHI,15:59,1,3,33.333,0,0,0.000,0,0,0.000,2,5.5,0
49,49,2022-02-08,PHI,PHX,15:30,2,4,50.000,0,0,0.000,0,0,0.000,4,9.2,-3
50,50,2022-02-14,BKN,SAC,24:07,4,7,57.143,0,0,0.000,3,4,75.000,11,12.7,23
51,51,2022-02-16,BKN,NYK,22:35,5,11,45.455,0,0,0.000,1,5,20.000,11,14.1,4
52,52,2022-02-17,BKN,WAS,18:33,3,8,37.500,0,0,0.000,0,2,0.000,6,1.8,-8
53,53,2022-02-24,BKN,BOS,19:37,4,6,66.667,0,1,0.000,3,4,75.000,11,11.0,-5
54,54,2022-02-26,BKN,MIL,29:22,7,9,77.778,0,0,0.000,3,7,42.857,17,19.3,20
55,55,2022-02-28,BKN,TOR,16:01,1,3,33.333,0,0,0.000,1,2,50.000,3,2.6,-12
56,56,2022-03-03,BKN,MIA,19:41,4,5,80.000,0,0,0.000,0,0,0.000,8,4.5,-10
57,57,2022-03-06,BKN,BOS,16:33,3,5,60.000,0,0,0.000,0,0,0.000,6,6.9,-8
58,58,2022-03-08,BKN,CHA,24:24,7,13,53.846,0,0,0.000,6,10,60.000,20,19.5,4
59,59,2022-03-10,BKN,PHI,20:33,2,4,50.000,0,0,0.000,3,6,50.000,7,9.4,16
60,60,2022-03-13,BKN,NYK,26:32,8,8,100.000,0,0,0.000,2,5,40.000,18,15.5,-1
61,61,2022-03-15,BKN,ORL,18:29,4,7,57.143,0,0,0.000,2,3,66.667,10,5.0,6
62,62,2022-03-16,BKN,DAL,21:43,7,8,87.500,0,0,0.000,0,1,0.000,14,16.9,-11
63,63,2022-03-18,BKN,POR,23:28,6,10,60.000,0,0,0.000,5,6,83.333,17,15.4,1
64,64,2022-03-23,BKN,MEM,27:42,7,9,77.778,0,0,0.000,1,2,50.000,15,11.5,14
65,65,2022-03-26,BKN,MIA,17:52,6,11,54.545,0,0,0.000,1,5,20.000,13,13.3,4
66,66,2022-03-27,BKN,CHA,31:01,7,12,58.333,0,0,0.000,6,11,54.545,20,20.5,-8
67,67,2022-03-29,BKN,DET,28:21,5,7,71.429,0,0,0.000,4,4,100.000,14,17.1,12
68,68,2022-03-31,BKN,MIL,28:51,2,4,50.000,0,0,0.000,0,2,0.000,4,9.3,-2
69,69,2022-04-02,BKN,ATL,18:04,4,11,36.364,0,0,0.000,0,0,0.000,8,9.8,-6
70,70,2022-04-05,BKN,HOU,20:18,5,11,45.455,0,0,0.000,0,0,0.000,10,8.7,12
71,71,2022-04-06,BKN,NYK,17:34,2,6,33.333,0,0,0.000,0,0,0.000,4,3.7,1
72,72,2022-04-08,BKN,CLE,23:32,7,11,63.636,0,0,0.000,1,1,100.000,15,16.2,9
73,73,2022-04-10,BKN,IND,19:52,9,9,100.000,0,0,0.000,2,2,100.000,20,22.0,-2
1,1,2022-10-19,CHI,MIA,14:53,2,7,28.571,0,1,0.000,5,5,100.000,9,5.4,-8
2,2,2022-10-21,CHI,WAS,18:01,5,6,83.333,0,0,0.000,0,2,0.000,10,8.8,8
3,3,2022-10-22,CHI,CLE,13:06,3,8,37.500,0,1,0.000,2,2,100.000,8,5.1,-16
4,4,2022-10-24,CHI,BOS,15:17,1,2,50.000,0,0,0.000,0,0,0.000,2,3.6,16
5,5,2022-10-26,CHI,IND,16:45,4,8,50.000,0,0,0.000,0,0,0.000,8,9.3,16
6,6,2022-10-28,CHI,SAS,22:30,8,12,66.667,0,0,0.000,1,3,33.333,17,20.2,13
7,7,2022-11-09,CHI,NOP,12:08,1,2,50.000,0,0,0.000,0,0,0.000,2,0.8,11
8,8,2022-11-13,CHI,DEN,21:31,5,8,62.500,0,0,0.000,3,3,100.000,13,13.8,-8
9,9,2022-11-16,CHI,NOP,14:58,4,6,66.667,0,0,0.000,0,0,0.000,8,6.2,-1
10,10,2022-11-18,CHI,ORL,14:36,3,5,60.000,0,0,0.000,1,2,50.000,7,6.0,-10
11,11,2022-11-21,CHI,BOS,12:57,1,2,50.000,0,0,0.000,3,4,75.000,5,7.1,-6
12,12,2022-11-23,CHI,MIL,16:57,1,3,33.333,0,0,0.000,0,0,0.000,2,4.0,-4
13,13,2022-11-25,CHI,OKC,6:33,1,4,25.000,0,0,0.000,2,2,100.000,4,4.7,-10
14,14,2022-11-28,CHI,UTA,14:26,5,8,62.500,0,0,0.000,0,0,0.000,10,9.8,4
15,15,2022-11-30,CHI,PHX,15:22,2,2,100.000,0,0,0.000,0,0,0.000,4,7.5,-9
16,16,2022-12-02,CHI,GSW,5:28,0,2,0.000,0,0,0.000,0,2,0.000,0,-0.5,-4
17,17,2022-12-04,CHI,SAC,5:32,1,2,50.000,0,0,0.000,0,1,0.000,2,0.9,-12
18,18,2022-12-07,CHI,WAS,8:28,2,5,40.000,0,0,0.000,0,0,0.000,4,1.0,-7
19,19,2022-12-10,CHI,DAL,18:23,4,5,80.000,0,0,0.000,1,5,20.000,9,7.7,12
20,20,2022-12-11,CHI,ATL,16:23,6,9,66.667,0,0,0.000,2,3,66.667,14,16.8,2
21,21,2022-12-14,CHI,NYK,11:53,1,1,100.000,0,0,0.000,0,0,0.000,2,0.9,-5
22,22,2022-12-16,CHI,NYK,9:38,0,0,0.000,0,0,0.000,0,0,0.000,0,-0.4,-6
23,23,2022-12-20,CHI,MIA,7:02,0,0,0.000,0,0,0.000,1,2,50.000,1,0.5,2
24,24,2022-12-21,CHI,ATL,14:52,2,3,66.667,0,0,0.000,1,2,50.000,5,5.0,15
25,25,2022-12-23,CHI,NYK,20:04,3,7,42.857,0,0,0.000,0,2,0.000,6,5.1,-10
26,26,2022-12-26,CHI,HOU,18:10,3,5,60.000,0,0,0.000,2,2,100.000,8,10.6,-2
27,27,2022-12-28,CHI,MIL,16:18,2,3,66.667,0,0,0.000,3,4,75.000,7,9.6,8
28,28,2022-12-30,CHI,DET,15:11,5,7,71.429,0,0,0.000,2,2,100.000,12,13.0,-2
29,29,2022-12-31,CHI,CLE,13:05,1,1,100.000,0,0,0.000,0,0,0.000,2,3.1,-8
30,30,2023-01-02,CHI,CLE,6:48,3,3,100.000,0,0,0.000,0,0,0.000,6,6.9,5
31,31,2023-01-06,CHI,PHI,8:19,3,3,100.000,0,0,0.000,0,2,0.000,6,5.5,-3
32,32,2023-01-07,CHI,UTA,11:50,5,5,100.000,0,0,0.000,1,3,33.333,11,9.9,-2
33,33,2023-01-09,CHI,BOS,14:22,2,4,50.000,0,0,0.000,2,4,50.000,6,6.9,10
34,34,2023-01-11,CHI,WAS,8:11,0,0,0.000,0,0,0.000,0,0,0.000,0,-1.7,1
35,35,2023-01-23,CHI,ATL,3:27,2,2,100.000,0,0,0.000,0,0,0.000,4,4.1,2
36,36,2023-01-24,CHI,IND,5:42,3,4,75.000,0,0,0.000,1,5,20.000,7,5.1,-7
37,37,2023-01-31,CHI,LAC,3:31,0,0,0.000,0,0,0.000,2,4,50.000,2,3.1,-2
38,38,2023-02-02,CHI,CHA,14:44,6,9,66.667,0,0,0.000,3,5,60.000,15,13.8,12
39,39,2023-02-04,CHI,POR,13:26,3,4,75.000,0,0,0.000,1,4,25.000,7,5.4,9
40,40,2023-02-06,CHI,SAS,20:54,9,9,100.000,0,0,0.000,3,4,75.000,21,24.6,30
41,41,2023-02-07,CHI,MEM,12:33,1,3,33.333,0,0,0.000,1,2,50.000,3,1.3,-6
42,42,2023-02-09,CHI,BKN,10:47,2,4,50.000,0,0,0.000,0,0,0.000,4,4.5,-8
43,43,2023-02-11,CHI,CLE,11:34,4,6,66.667,0,0,0.000,0,1,0.000,8,2.0,-5
44,44,2023-02-13,CHI,ORL,13:48,3,4,75.000,0,0,0.000,0,0,0.000,6,6.9,4
45,45,2023-02-15,CHI,IND,11:29,1,2,50.000,0,0,0.000,1,2,50.000,3,5.4,6
46,46,2023-02-16,CHI,MIL,13:08,1,3,33.333,0,0,0.000,3,4,75.000,5,4.9,2
47,47,2023-02-24,CHI,BKN,14:26,6,10,60.000,0,0,0.000,1,2,50.000,13,13.3,3
48,48,2023-02-26,CHI,WAS,13:53,1,2,50.000,0,0,0.000,0,2,0.000,2,1.7,19
49,49,2023-02-28,CHI,TOR,16:29,2,4,50.000,0,0,0.000,2,2,100.000,6,7.2,-5
50,50,2023-03-01,CHI,DET,12:32,0,1,0.000,0,0,0.000,1,2,50.000,1,-2.1,-9
51,51,2023-03-03,CHI,PHX,15:28,2,6,33.333,0,0,0.000,0,0,0.000,4,2.9,-7
52,52,2023-03-05,CHI,IND,6:04,1,1,100.000,0,0,0.000,0,0,0.000,2,2.6,-6
53,53,2023-03-08,CHI,DEN,11:04,1,2,50.000,0,0,0.000,0,0,0.000,2,3.9,3
54,54,2023-03-11,CHI,HOU,13:41,4,4,100.000,0,0,0.000,3,4,75.000,11,9.5,-1
55,55,2023-03-15,CHI,SAC,12:38,1,1,100.000,0,0,0.000,0,0,0.000,2,2.1,6
56,56,2023-03-17,CHI,MIN,9:36,0,2,0.000,0,0,0.000,0,2,0.000,0,1.0,-9
57,57,2023-03-18,CHI,MIA,6:28,0,2,0.000,0,0,0.000,2,2,100.000,2,1.4,6
58,58,2023-03-20,CHI,PHI,6:33,0,1,0.000,0,0,0.000,0,0,0.000,0,-0.6,-1
59,59,2023-03-22,CHI,PHI,16:58,6,8,75.000,0,0,0.000,1,2,50.000,13,14.5,5
60,60,2023-03-24,CHI,POR,12:38,1,6,16.667,0,1,0.000,0,0,0.000,2,0.3,-10
61,61,2023-03-26,CHI,LAL,17:36,5,6,83.333,0,0,0.000,2,3,66.667,12,13.4,20
62,62,2023-03-27,CHI,LAC,14:07,4,6,66.667,0,0,0.000,3,6,50.000,11,11.5,-1
63,63,2023-03-31,CHI,CHA,13:56,3,4,75.000,0,0,0.000,0,0,0.000,6,10.5,6
64,64,2023-04-02,CHI,MEM,6:39,1,2,50.000,0,0,0.000,0,0,0.000,2,1.9,-9
65,65,2023-04-04,CHI,ATL,7:30,0,0,0.000,0,0,0.000,2,4,50.000,2,4.2,0
66,66,2023-04-05,CHI,MIL,13:25,1,1,100.000,0,0,0.000,1,2,50.000,3,2.5,-5
67,67,2023-04-09,CHI,DET,12:40,3,7,42.857,0,0,0.000,2,4,50.000,8,8.1,-9
1,1,2023-10-25,CHI,OKC,15:58,3,4,75.000,0,0,0.000,0,0,0.000,6,7.4,-1
2,2,2023-10-27,CHI,TOR,12:19,3,6,50.000,0,0,0.000,2,2,100.000,8,3.6,1
3,3,2023-10-28,CHI,DET,14:28,1,6,16.667,0,0,0.000,0,0,0.000,2,6.0,-5
4,4,2023-10-30,CHI,IND,13:43,2,4,50.000,0,0,0.000,1,2,50.000,5,5.7,7
5,5,2023-11-01,CHI,DAL,12:21,4,5,80.000,0,0,0.000,0,0,0.000,8,8.6,-3
6,6,2023-11-03,CHI,BKN,12:20,3,3,100.000,0,0,0.000,1,4,25.000,7,5.7,-9
7,7,2023-11-04,CHI,DEN,15:05,2,3,66.667,0,0,0.000,1,2,50.000,5,8.8,7
8,8,2023-11-06,CHI,UTA,13:48,5,10,50.000,0,0,0.000,2,3,66.667,12,10.3,4
9,9,2023-11-08,CHI,PHX,11:39,1,1,100.000,0,0,0.000,0,0,0.000,2,1.9,15
10,10,2023-11-12,CHI,DET,14:49,5,8,62.500,0,0,0.000,1,2,50.000,11,13.8,5
11,11,2023-11-13,CHI,MIL,11:39,2,5,40.000,0,0,0.000,0,0,0.000,4,2.8,-8
12,12,2023-11-15,CHI,ORL,12:24,3,5,60.000,0,0,0.000,3,4,75.000,9,11.0,-6
13,13,2023-11-17,CHI,ORL,17:50,1,2,50.000,0,1,0.000,3,4,75.000,5,6.5,-2
14,14,2023-11-18,CHI,MIA,15:05,2,3,66.667,0,0,0.000,2,2,100.000,6,8.1,10
15,15,2023-11-20,CHI,MIA,13:37,1,3,33.333,0,0,0.000,0,0,0.000,2,2.2,-2
16,16,2023-11-22,CHI,OKC,10:42,1,3,33.333,0,0,0.000,0,0,0.000,2,2.1,-11
17,17,2023-11-24,CHI,TOR,6:09,1,4,25.000,0,0,0.000,0,0,0.000,2,1.5,-10
18,18,2023-11-26,CHI,BKN,11:22,1,2,50.000,0,0,0.000,2,3,66.667,4,2.7,-11
19,19,2023-11-28,CHI,BOS,12:58,2,5,40.000,0,0,0.000,1,6,16.667,5,3.2,-11
20,20,2023-11-30,CHI,MIL,13:29,2,2,100.000,0,0,0.000,6,8,75.000,10,14.1,13
21,21,2023-12-02,CHI,NOP,15:02,3,7,42.857,0,0,0.000,1,2,50.000,7,6.1,0
22,22,2023-12-06,CHI,CHA,13:48,3,8,37.500,0,0,0.000,1,2,50.000,7,4.4,10
23,23,2023-12-08,CHI,SAS,12:00,3,7,42.857,0,0,0.000,1,4,25.000,7,6.1,-6
24,24,2023-12-11,CHI,MIL,14:28,3,12,25.000,0,0,0.000,3,3,100.000,9,12.3,-2
25,25,2023-12-12,CHI,DEN,14:22,3,4,75.000,0,0,0.000,2,3,66.667,8,9.6,-5
26,26,2023-12-14,CHI,MIA,12:01,3,4,75.000,0,0,0.000,1,2,50.000,7,5.7,-4
27,27,2023-12-16,CHI,MIA,10:44,1,2,50.000,0,0,0.000,2,2,100.000,4,3.8,-3
28,28,2023-12-18,CHI,PHI,14:24,2,3,66.667,0,0,0.000,1,2,50.000,5,8.6,8
29,29,2023-12-20,CHI,LAL,16:10,4,5,80.000,0,0,0.000,3,4,75.000,11,9.7,12
30,30,2023-12-21,CHI,SAS,19:00,5,10,50.000,0,0,0.000,2,3,66.667,12,16.7,17
31,31,2023-12-23,CHI,CLE,13:24,0,0,0.000,0,0,0.000,1,2,50.000,1,1.6,-10
32,32,2023-12-26,CHI,ATL,38:30,11,13,84.615,0,0,0.000,2,2,100.000,24,32.3,4
33,33,2023-12-28,CHI,IND,21:07,3,9,33.333,0,0,0.000,1,4,25.000,7,6.7,-8
34,34,2023-12-30,CHI,PHI,29:37,6,8,75.000,0,0,0.000,3,10,30.000,15,18.0,16
35,35,2024-01-02,CHI,PHI,28:24,5,13,38.462,0,1,0.000,1,4,25.000,11,10.7,-31
36,36,2024-01-03,CHI,NYK,30:27,5,12,41.667,0,0,0.000,3,6,50.000,13,13.9,-15
37,37,2024-01-05,CHI,CHA,23:05,3,7,42.857,0,0,0.000,1,2,50.000,7,7.8,8
38,38,2024-01-08,CHI,CHA,22:31,9,12,75.000,0,0,0.000,3,3,100.000,21,20.3,16
39,39,2024-01-10,CHI,HOU,12:30,2,2,100.000,0,0,0.000,0,0,0.000,4,2.7,-11
40,40,2024-01-12,CHI,GSW,12:06,2,2,100.000,0,0,0.000,1,2,50.000,5,6.6,-6
41,41,2024-01-13,CHI,SAS,16:51,3,7,42.857,0,0,0.000,1,3,33.333,7,8.7,-7
42,42,2024-01-15,CHI,CLE,22:13,3,3,100.000,0,0,0.000,2,4,50.000,8,11.8,4
43,43,2024-01-18,CHI,TOR,9:42,1,1,100.000,0,0,0.000,3,4,75.000,5,4.8,-12
44,44,2024-01-20,CHI,MEM,18:52,7,11,63.636,0,0,0.000,1,2,50.000,15,18.6,18
45,45,2024-01-22,CHI,PHX,11:19,2,4,50.000,0,0,0.000,2,4,50.000,6,4.9,-12
46,46,2024-01-25,CHI,LAL,16:51,5,7,71.429,0,0,0.000,1,2,50.000,11,13.1,0
47,47,2024-01-28,CHI,POR,17:09,6,11,54.545,0,0,0.000,3,3,100.000,15,13.9,3
48,48,2024-01-30,CHI,TOR,14:06,3,4,75.000,0,0,0.000,1,2,50.000,7,10.0,4
49,49,2024-01-31,CHI,CHA,15:13,5,8,62.500,0,0,0.000,0,1,0.000,10,9.5,4
50,50,2024-02-03,CHI,SAC,13:34,1,4,25.000,0,0,0.000,0,0,0.000,2,3.6,-5
51,51,2024-02-06,CHI,MIN,35:28,7,13,53.846,0,0,0.000,2,4,50.000,16,16.3,4
52,52,2024-02-08,CHI,MEM,31:19,10,11,90.909,0,0,0.000,1,3,33.333,21,22.6,7
53,53,2024-02-10,CHI,ORL,16:51,1,3,33.333,0,0,0.000,2,4,50.000,4,1.2,-11
54,54,2024-02-12,CHI,ATL,16:10,3,7,42.857,0,1,0.000,1,2,50.000,7,6.6,4
55,55,2024-02-14,CHI,CLE,28:03,4,9,44.444,0,0,0.000,2,2,100.000,10,9.3,8
56,56,2024-02-22,CHI,BOS,17:23,4,8,50.000,0,0,0.000,3,4,75.000,11,11.3,-11
57,57,2024-02-25,CHI,NOP,14:15,2,5,40.000,0,0,0.000,3,3,100.000,7,7.0,6
58,58,2024-02-27,CHI,DET,27:46,9,14,64.286,0,0,0.000,2,2,100.000,20,18.4,8
59,59,2024-02-28,CHI,CLE,36:09,8,12,66.667,0,0,0.000,1,2,50.000,17,21.4,1
60,60,2024-03-01,CHI,MIL,24:05,4,11,36.364,0,0,0.000,1,1,100.000,9,4.2,-5
61,61,2024-03-04,CHI,SAC,16:14,2,5,40.000,0,0,0.000,0,0,0.000,4,1.1,9
62,62,2024-03-06,CHI,UTA,17:09,4,7,57.143,0,0,0.000,2,4,50.000,10,8.5,-2
63,63,2024-03-07,CHI,GSW,12:50,0,1,0.000,0,0,0.000,1,6,16.667,1,-0.8,10
64,64,2024-03-09,CHI,LAC,11:55,0,1,0.000,0,0,0.000,3,4,75.000,3,3.8,1
65,65,2024-03-11,CHI,DAL,16:28,1,3,33.333,0,0,0.000,2,4,50.000,4,5.6,-11
66,66,2024-03-13,CHI,IND,9:53,1,4,25.000,0,0,0.000,1,2,50.000,3,-0.4,-18
67,67,2024-03-14,CHI,LAC,16:18,7,8,87.500,0,0,0.000,1,1,100.000,15,16.1,2
68,68,2024-03-16,CHI,WAS,14:56,4,5,80.000,0,0,0.000,5,8,62.500,13,14.1,10
69,69,2024-03-18,CHI,POR,13:43,2,10,20.000,0,0,0.000,5,5,100.000,9,8.1,6
70,70,2024-03-21,CHI,HOU,23:54,3,5,60.000,0,0,0.000,3,4,75.000,9,9.2,-3
71,71,2024-03-23,CHI,BOS,15:38,3,3,100.000,0,0,0.000,1,1,100.000,7,7.3,-5
72,72,2024-03-25,CHI,WAS,18:33,5,9,55.556,0,0,0.000,0,0,0.000,10,12.6,9
73,73,2024-03-27,CHI,IND,17:30,5,8,62.500,0,0,0.000,4,5,80.000,14,18.2,23
74,74,2024-03-29,CHI,BKN,17:21,1,2,50.000,0,0,0.000,4,6,66.667,6,7.9,7
75,75,2024-03-31,CHI,MIN,16:55,3,6,50.000,0,0,0.000,0,0,0.000,6,5.9,-1
76,76,2024-04-01,CHI,ATL,20:04,5,8,62.500,0,0,0.000,3,6,50.000,13,15.0,-4
77,77,2024-04-05,CHI,NYK,24:03,3,7,42.857,0,0,0.000,4,6,66.667,10,11.4,7
78,78,2024-04-07,CHI,ORL,24:31,7,9,77.778,0,0,0.000,0,0,0.000,14,16.3,4
79,79,2024-04-09,CHI,NYK,4:34,2,2,100.000,0,0,0.000,0,0,0.000,4,5.4,1
